Survey.Year,Set.count,Number.of.positive.sets,ITIS.TSN,Species.code,Scientific.name,English.common.name,French.common.name,LSID,Biomass.index,Lower.interval,Upper.interval,CV
2005,198,141,160617,44,SQUALUS SUCKLEYI,NORTH PACIFIC SPINY DOGFISH,AIGUILLAT DU PACIFIQUE,urn:lsid:marinespecies.org:taxname:299224,3543814.21686432,1613926.29524623,6475548.89099909,0.359784354259963
2005,198,42,160848,56,BERINGRAJA BINOCULATA,BIG SKATE,RAIE BIOCELL<c9>E,urn:lsid:marinespecies.org:taxname:1021330,798847.302251913,457509.963416681,1209045.14861361,0.235311228238443
2005,198,15,160937,58,BATHYRAJA INTERRUPTA,SANDPAPER SKATE,RAIE RUGUEUSE,urn:lsid:marinespecies.org:taxname:271515,81773.4533321328,11795.1203407744,188109.17373968,0.569310339586795
2005,198,40,160851,59,RAJA RHINA,LONGNOSE SKATE,POCHETEAU LONG-NEZ,urn:lsid:marinespecies.org:taxname:271581,411013.128126718,120694.228260568,786627.500067229,0.433920710693015
2005,198,189,161015,66,HYDROLAGUS COLLIEI,SPOTTED RATFISH,CHIM<c8>RE D<92>AM<c9>RIQUE,urn:lsid:marinespecies.org:taxname:271406,6435663.38488214,4705739.42110885,8645591.66184136,0.158840231528982
2005,198,86,551209,96,CLUPEA PALLASII,PACIFIC HERRING,HARENG DU PACIFIQUE,urn:lsid:marinespecies.org:taxname:151159,160510.954559263,82241.9565228256,252804.597562029,0.282541115783273
2005,198,36,162051,148,THALEICHTHYS PACIFICUS,EULACHON,EULAKANE,urn:lsid:marinespecies.org:taxname:282959,42966.4897609326,19886.9579868292,68847.8492456467,0.292968396331173
2005,198,161,164711,222,GADUS MACROCEPHALUS,PACIFIC COD,MORUE DU PACIFIQUE,urn:lsid:marinespecies.org:taxname:254538,1946410.87818921,1192633.47994948,2992519.50524519,0.239475324191533
2005,198,58,164792,225,MERLUCCIUS PRODUCTUS,PACIFIC HAKE,MERLU DU PACIFIQUE,urn:lsid:marinespecies.org:taxname:272458,474332.367377952,269952.982583575,738451.010142478,0.263393448292734
2005,198,73,164719,226,MICROGADUS PROXIMUS,PACIFIC TOMCOD,POULAMON DU PACIFIQUE,urn:lsid:marinespecies.org:taxname:275873,945530.315633346,377512.975246845,1722545.64146941,0.369763548025167
2005,198,107,934083,228,GADUS CHALCOGRAMMUS,WALLEYE POLLOCK,GOBERGE DE L<92>ALASKA,urn:lsid:marinespecies.org:taxname:300735,1782818.03732392,868769.431941723,3026087.73823616,0.318063622356413
2005,198,16,630999,245,LYCODES PACIFICUS,BLACKBELLY EELPOUT,LYCODE <c0> VENTRE NOIR,urn:lsid:marinespecies.org:taxname:274116,2414.28774671691,554.56268279385,5363.5140351326,0.561635373277997
2005,198,20,630414,361,AMMODYTES PERSONATUS,PACIFIC SAND LANCE,LAN<c7>ON GOURDEAU,urn:lsid:marinespecies.org:taxname:272967,13367.7433153445,1287.81940937944,33555.661747978,0.695655887398011
2005,198,13,166706,394,SEBASTES ALEUTIANUS/MELANOSTICTUS COMPLEX,ROUGHEYE/BLACKSPOTTED ROCKFISH COMPLEX,COMPLEXE DES S<c9>BASTES <c0> <8c>IL <c9>PINEUX ET <c0> TACHES NOIRES,unknown,52971.6906882472,26860.4857591794,82163.6510831083,0.273195198128057
2005,198,46,166707,396,SEBASTES ALUTUS,PACIFIC OCEAN PERCH,S<c9>BASTE <c0> LONGUE M<c2>CHOIRE,urn:lsid:marinespecies.org:taxname:254573,346323.964933424,193591.429693587,550714.801038529,0.256828606604467
2005,198,30,166710,401,SEBASTES BABCOCKI,REDBANDED ROCKFISH,S<c9>BASTE <c0> BANDES ROUGES,urn:lsid:marinespecies.org:taxname:274775,650850.291740817,421003.162379062,911036.310903795,0.192993150165727
2005,198,49,166711,405,SEBASTES BREVISPINIS,SILVERGRAY ROCKFISH,S<c9>BASTE ARGENT<c9>,urn:lsid:marinespecies.org:taxname:274778,430436.428014011,248447.388196668,633793.102403671,0.232708340911806
2005,198,13,166713,407,SEBASTES CAURINUS,COPPER ROCKFISH,S<c9>BASTE CUIVR<c9>,urn:lsid:marinespecies.org:taxname:274780,122988.859058393,8404.51835737685,333394.506215886,0.785931909619371
2005,198,14,166717,414,SEBASTES ELONGATUS,GREENSTRIPED ROCKFISH,S<c9>BASTE <c0> RAYURES VERTES,urn:lsid:marinespecies.org:taxname:274788,4872.6036588861,1946.67788502412,8626.00572855336,0.358145576262401
2005,198,24,166720,418,SEBASTES FLAVIDUS,YELLOWTAIL ROCKFISH,S<c9>BASTE <c0> QUEUE JAUNE,urn:lsid:marinespecies.org:taxname:274795,1564578.6007144,119666.01389652,4238694.73468803,0.801592326164449
2005,198,41,166726,424,SEBASTES MALIGER,QUILLBACK ROCKFISH,S<c9>BASTE <c0> DOS <c9>PINEUX,urn:lsid:marinespecies.org:taxname:274815,202436.092412066,109023.608623344,328194.525683281,0.267362687728132
2005,198,10,166733,435,SEBASTES PAUCISPINIS,BOCACCIO,BOCACCIO,urn:lsid:marinespecies.org:taxname:274833,19937.9767458054,7878.87379331727,37330.3608615816,0.365537761824328
2005,198,13,166734,437,SEBASTES PINNIGER,CANARY ROCKFISH,S<c9>BASTE CANARI,urn:lsid:marinespecies.org:taxname:274836,21612.2806970237,6341.27042955488,42339.8746189917,0.452306150690647
2005,198,12,166736,439,SEBASTES PRORIGER,REDSTRIPE ROCKFISH,S<c9>BASTE <c0> RAIE ROUGE,urn:lsid:marinespecies.org:taxname:274838,103037.87091196,16118.1602160852,247756.967047198,0.585524695403744
2005,198,8,166740,442,SEBASTES RUBERRIMUS,YELLOWEYE ROCKFISH,S<c9>BASTE AUX YEUX JAUNES,urn:lsid:marinespecies.org:taxname:274844,15276.8199863874,4211.73802814448,29258.5035233128,0.422965703813014
2005,198,8,166744,450,SEBASTES ZACENTRUS,SHARPCHIN ROCKFISH,S<c9>BASTE <c0> MENTON POINTU,urn:lsid:marinespecies.org:taxname:274869,4379.60517404431,0,12038.7466337338,0.693178404862115
2005,198,18,166783,451,SEBASTOLOBUS ALASCANUS,SHORTSPINE THORNYHEAD,S<c9>BASTOLOBE <c0> COURTES <c9>PINES,urn:lsid:marinespecies.org:taxname:282740,238865.578693813,89557.2941264722,450079.982707404,0.389102042049021
2005,198,66,167123,455,ANOPLOPOMA FIMBRIA,SABLEFISH,MORUE CHARBONNI<c8>RE,urn:lsid:marinespecies.org:taxname:159463,1070479.16592328,488062.606333454,1767546.33573679,0.307136854388761
2005,198,23,167110,461,HEXAGRAMMOS DECAGRAMMUS,KELP GREENLING,SOURCIL DE VARECH,urn:lsid:marinespecies.org:taxname:240732,42403.9854589432,19767.6859197973,69360.9130575634,0.301227874175272
2005,198,65,167116,467,OPHIODON ELONGATUS,LINGCOD,MORUE-LINGUE,urn:lsid:marinespecies.org:taxname:240745,196134.904256461,125468.078722945,275711.061986115,0.19667379726181
2005,198,62,172716,596,CITHARICHTHYS SORDIDUS,PACIFIC SANDDAB,LIMANDE SORDIDE,urn:lsid:marinespecies.org:taxname:275694,659371.79704469,241880.791299787,1212080.71648294,0.378236520441274
2005,198,139,172862,602,ATHERESTHES STOMIAS,ARROWTOOTH FLOUNDER,PLIE <c0> GRANDE BOUCHE,urn:lsid:marinespecies.org:taxname:279792,15137954.3986135,9142161.77618521,22412554.1274125,0.232874497136331
2005,198,93,172868,607,EOPSETTA JORDANI,PETRALE SOLE,PLIE DE CALIFORNIE,urn:lsid:marinespecies.org:taxname:280690,165293.476225241,120444.163628564,212118.98662958,0.144330833798435
2005,198,128,172978,610,GLYPTOCEPHALUS ZACHIRUS,REX SOLE,PLIE ROYALE,urn:lsid:marinespecies.org:taxname:274287,2261204.32585736,1750841.88845094,2811073.92671005,0.120947256441516
2005,198,75,172875,612,HIPPOGLOSSOIDES ELASSODON,FLATHEAD SOLE,PLIE <c0> T<ca>TE PLATE,urn:lsid:marinespecies.org:taxname:274289,517481.708076484,276777.097219496,827135.509110303,0.273488258177396
2005,198,127,172932,614,HIPPOGLOSSUS STENOLEPIS,PACIFIC HALIBUT,FL<c9>TAN DU PACIFIQUE,urn:lsid:marinespecies.org:taxname:274290,1981910.72680683,1542161.27648911,2457912.61133622,0.115597443907856
2005,198,27,172919,619,ISOPSETTA ISOLEPIS,BUTTER SOLE,PLIE <c0> <c9>CAILLES R<c9>GULI<c8>RES,urn:lsid:marinespecies.org:taxname:281189,73271.3834442756,35866.9619155243,120515.066276176,0.31025397660109
2005,198,106,172917,621,LEPIDOPSETTA BILINEATA,SOUTHERN ROCK SOLE,FAUSSE LIMANDE DU PACIFIQUE,urn:lsid:marinespecies.org:taxname:281305,1975216.65107695,1414115.82806164,2667317.47263926,0.162863181080856
2005,198,46,172871,625,LYOPSETTA EXILIS,SLENDER SOLE,PLIE MINCE,urn:lsid:marinespecies.org:taxname:281452,19899.84430392,13063.3068700881,27322.993392,0.187948769681241
2005,198,113,172887,626,MICROSTOMUS PACIFICUS,DOVER SOLE,LIMANDE-SOLE,urn:lsid:marinespecies.org:taxname:274294,3186883.76139205,1712808.98756996,5213051.86771949,0.276723103872036
2005,198,156,172921,628,PAROPHRYS VETULUS,ENGLISH SOLE,CARLOTTIN ANGLAIS,urn:lsid:marinespecies.org:taxname:254393,2844051.14773044,2093611.50238043,3622065.52013223,0.136046877407071
2005,198,10,172893,631,PLATICHTHYS STELLATUS,STARRY FLOUNDER,FLET <c9>TOIL<c9>,urn:lsid:marinespecies.org:taxname:154781,59834.9456633567,10917.1414772542,147960.785380221,0.644036092570517
2005,198,50,172924,635,PLEURONICHTHYS DECURRENS,CURLFIN SOLE,PLIE <c0> NAGEOIRES FRIS<c9>ES,urn:lsid:marinespecies.org:taxname:282292,40819.6367859937,26830.8039225203,56830.4110579994,0.185440351895695
2005,198,48,172928,636,PSETTICHTHYS MELANOSTICTUS,SAND SOLE,SOLE DE SABLE,urn:lsid:marinespecies.org:taxname:282396,508646.940673388,286286.501331408,733383.85646013,0.232362829836951
2007,132,106,160617,44,SQUALUS SUCKLEYI,NORTH PACIFIC SPINY DOGFISH,AIGUILLAT DU PACIFIQUE,urn:lsid:marinespecies.org:taxname:299224,1312802.83625491,967914.245182185,1666510.88027856,0.13896124923944
2007,132,30,160848,56,BERINGRAJA BINOCULATA,BIG SKATE,RAIE BIOCELL<c9>E,urn:lsid:marinespecies.org:taxname:1021330,815287.060118255,423913.256150549,1309322.45105821,0.280326063633037
2007,132,10,160937,58,BATHYRAJA INTERRUPTA,SANDPAPER SKATE,RAIE RUGUEUSE,urn:lsid:marinespecies.org:taxname:271515,15452.5497589446,4947.54313536248,28210.9069002777,0.387844695026282
2007,132,29,160851,59,RAJA RHINA,LONGNOSE SKATE,POCHETEAU LONG-NEZ,urn:lsid:marinespecies.org:taxname:271581,214089.201997874,128490.80061189,309616.608662274,0.214386003879749
2007,132,125,161015,66,HYDROLAGUS COLLIEI,SPOTTED RATFISH,CHIM<c8>RE D<92>AM<c9>RIQUE,urn:lsid:marinespecies.org:taxname:271406,6100370.09114096,4399205.03682221,8246009.78970137,0.152372274092938
2007,132,43,551209,96,CLUPEA PALLASII,PACIFIC HERRING,HARENG DU PACIFIQUE,urn:lsid:marinespecies.org:taxname:151159,93338.0700338168,48976.7594683837,149151.972890874,0.271354391703197
2007,132,42,162051,148,THALEICHTHYS PACIFICUS,EULACHON,EULAKANE,urn:lsid:marinespecies.org:taxname:282959,20004.2630418491,12629.5487380137,29778.1085654758,0.218459002583183
2007,132,72,164711,222,GADUS MACROCEPHALUS,PACIFIC COD,MORUE DU PACIFIQUE,urn:lsid:marinespecies.org:taxname:254538,586553.678793776,359532.70157415,856151.469374945,0.21928089214861
2007,132,25,164792,225,MERLUCCIUS PRODUCTUS,PACIFIC HAKE,MERLU DU PACIFIQUE,urn:lsid:marinespecies.org:taxname:272458,124755.075280401,69479.5874948493,192260.519716289,0.251918383076942
2007,132,36,164719,226,MICROGADUS PROXIMUS,PACIFIC TOMCOD,POULAMON DU PACIFIQUE,urn:lsid:marinespecies.org:taxname:275873,427066.099437251,141227.073135427,836837.553377078,0.421881702052214
2007,132,73,934083,228,GADUS CHALCOGRAMMUS,WALLEYE POLLOCK,GOBERGE DE L<92>ALASKA,urn:lsid:marinespecies.org:taxname:300735,1420554.53787869,448783.147269076,2651545.34870534,0.393828957839065
2007,132,13,630999,245,LYCODES PACIFICUS,BLACKBELLY EELPOUT,LYCODE <c0> VENTRE NOIR,urn:lsid:marinespecies.org:taxname:274116,3221.19064794359,385.697669352961,8034.60980884685,0.648101803108205
2007,132,21,630414,361,AMMODYTES PERSONATUS,PACIFIC SAND LANCE,LAN<c7>ON GOURDEAU,urn:lsid:marinespecies.org:taxname:272967,17460.9287369185,2603.46226438671,45068.076102162,0.723916056647042
2007,132,7,166706,394,SEBASTES ALEUTIANUS/MELANOSTICTUS COMPLEX,ROUGHEYE/BLACKSPOTTED ROCKFISH COMPLEX,COMPLEXE DES S<c9>BASTES <c0> <8c>IL <c9>PINEUX ET <c0> TACHES NOIRES,unknown,135194.907415287,1546.05200779368,307867.438801125,0.61481552886246
2007,132,40,166707,396,SEBASTES ALUTUS,PACIFIC OCEAN PERCH,S<c9>BASTE <c0> LONGUE M<c2>CHOIRE,urn:lsid:marinespecies.org:taxname:254573,469337.171105953,214047.714486843,828975.838445584,0.339117799957342
2007,132,36,166710,401,SEBASTES BABCOCKI,REDBANDED ROCKFISH,S<c9>BASTE <c0> BANDES ROUGES,urn:lsid:marinespecies.org:taxname:274775,349228.474349247,196853.352698649,543703.567115274,0.260118906176487
2007,132,41,166711,405,SEBASTES BREVISPINIS,SILVERGRAY ROCKFISH,S<c9>BASTE ARGENT<c9>,urn:lsid:marinespecies.org:taxname:274778,263257.565193913,158829.891236014,392942.354642645,0.222900428108527
2007,132,12,166713,407,SEBASTES CAURINUS,COPPER ROCKFISH,S<c9>BASTE CUIVR<c9>,urn:lsid:marinespecies.org:taxname:274780,1001247.46059109,30360.4984534206,2605764.37034462,0.710376040100187
2007,132,6,166717,414,SEBASTES ELONGATUS,GREENSTRIPED ROCKFISH,S<c9>BASTE <c0> RAYURES VERTES,urn:lsid:marinespecies.org:taxname:274788,4588.82099068686,1177.35898282324,9233.06561230254,0.447667228059939
2007,132,34,166720,418,SEBASTES FLAVIDUS,YELLOWTAIL ROCKFISH,S<c9>BASTE <c0> QUEUE JAUNE,urn:lsid:marinespecies.org:taxname:274795,2158636.04985719,152783.306759905,6014114.29320145,0.886454070749623
2007,132,31,166726,424,SEBASTES MALIGER,QUILLBACK ROCKFISH,S<c9>BASTE <c0> DOS <c9>PINEUX,urn:lsid:marinespecies.org:taxname:274815,401515.782306838,134955.005065258,808779.575579118,0.429606779624986
2007,132,8,166733,435,SEBASTES PAUCISPINIS,BOCACCIO,BOCACCIO,urn:lsid:marinespecies.org:taxname:274833,49470.6066362277,18548.1386324518,92153.0738277137,0.379791685615301
2007,132,14,166734,437,SEBASTES PINNIGER,CANARY ROCKFISH,S<c9>BASTE CANARI,urn:lsid:marinespecies.org:taxname:274836,33804.004990505,14588.2466449833,59067.0247497192,0.33292108761196
2007,132,10,166736,439,SEBASTES PRORIGER,REDSTRIPE ROCKFISH,S<c9>BASTE <c0> RAIE ROUGE,urn:lsid:marinespecies.org:taxname:274838,17286.7656280762,1653.25451000343,44152.1419516246,0.728002193430858
2007,132,4,166740,442,SEBASTES RUBERRIMUS,YELLOWEYE ROCKFISH,S<c9>BASTE AUX YEUX JAUNES,urn:lsid:marinespecies.org:taxname:274844,20935.4578060248,3829.46119624571,45348.8748150891,0.513357538886087
2007,132,16,166744,450,SEBASTES ZACENTRUS,SHARPCHIN ROCKFISH,S<c9>BASTE <c0> MENTON POINTU,urn:lsid:marinespecies.org:taxname:274869,29577.6805095377,3530.59881462553,68815.0654114407,0.566574634325416
2007,132,22,166783,451,SEBASTOLOBUS ALASCANUS,SHORTSPINE THORNYHEAD,S<c9>BASTOLOBE <c0> COURTES <c9>PINES,urn:lsid:marinespecies.org:taxname:282740,347034.836604072,157406.453267709,595284.118364837,0.337770501335494
2007,132,45,167123,455,ANOPLOPOMA FIMBRIA,SABLEFISH,MORUE CHARBONNI<c8>RE,urn:lsid:marinespecies.org:taxname:159463,563206.612127057,249953.541955038,858812.438483318,0.291765421977632
2007,132,9,167110,461,HEXAGRAMMOS DECAGRAMMUS,KELP GREENLING,SOURCIL DE VARECH,urn:lsid:marinespecies.org:taxname:240732,53633.1379113827,12355.8833846276,116028.953705721,0.496549398176034
2007,132,46,167116,467,OPHIODON ELONGATUS,LINGCOD,MORUE-LINGUE,urn:lsid:marinespecies.org:taxname:240745,239124.964639892,158689.999223235,329833.649730778,0.180552997089756
2007,132,39,172716,596,CITHARICHTHYS SORDIDUS,PACIFIC SANDDAB,LIMANDE SORDIDE,urn:lsid:marinespecies.org:taxname:275694,1197778.58809195,349321.30063161,2414521.23474401,0.439838160139096
2007,132,102,172862,602,ATHERESTHES STOMIAS,ARROWTOOTH FLOUNDER,PLIE <c0> GRANDE BOUCHE,urn:lsid:marinespecies.org:taxname:279792,6822431.15941998,4592461.91776022,9744414.41965947,0.196754556733653
2007,132,53,172868,607,EOPSETTA JORDANI,PETRALE SOLE,PLIE DE CALIFORNIE,urn:lsid:marinespecies.org:taxname:280690,278315.015045837,157016.433738883,445038.717645285,0.264529961138631
2007,132,89,172978,610,GLYPTOCEPHALUS ZACHIRUS,REX SOLE,PLIE ROYALE,urn:lsid:marinespecies.org:taxname:274287,2434074.31577489,1797755.43136835,3199840.14059617,0.15195278992145
2007,132,52,172875,612,HIPPOGLOSSOIDES ELASSODON,FLATHEAD SOLE,PLIE <c0> T<ca>TE PLATE,urn:lsid:marinespecies.org:taxname:274289,316134.126050718,181372.968390857,475958.883026953,0.235221911883011
2007,132,68,172932,614,HIPPOGLOSSUS STENOLEPIS,PACIFIC HALIBUT,FL<c9>TAN DU PACIFIQUE,urn:lsid:marinespecies.org:taxname:274290,1035850.28079842,693555.266748958,1517273.74321336,0.208683175478617
2007,132,23,172919,619,ISOPSETTA ISOLEPIS,BUTTER SOLE,PLIE <c0> <c9>CAILLES R<c9>GULI<c8>RES,urn:lsid:marinespecies.org:taxname:281189,214806.993412151,53187.3806187866,451745.355580504,0.466968024283013
2007,132,67,172917,621,LEPIDOPSETTA BILINEATA,SOUTHERN ROCK SOLE,FAUSSE LIMANDE DU PACIFIQUE,urn:lsid:marinespecies.org:taxname:281305,1987932.99919602,1379861.71693772,2641021.24073924,0.158104884948659
2007,132,39,172871,625,LYOPSETTA EXILIS,SLENDER SOLE,PLIE MINCE,urn:lsid:marinespecies.org:taxname:281452,42166.2381808852,25052.3381224999,60657.2155916154,0.218621403776662
2007,132,82,172887,626,MICROSTOMUS PACIFICUS,DOVER SOLE,LIMANDE-SOLE,urn:lsid:marinespecies.org:taxname:274294,2731391.12727153,2027369.55523473,3607316.83530097,0.144732201759244
2007,132,82,172921,628,PAROPHRYS VETULUS,ENGLISH SOLE,CARLOTTIN ANGLAIS,urn:lsid:marinespecies.org:taxname:254393,3001718.57495697,1933446.42728428,4213984.3426134,0.19322140022624
2007,132,3,172893,631,PLATICHTHYS STELLATUS,STARRY FLOUNDER,FLET <c9>TOIL<c9>,urn:lsid:marinespecies.org:taxname:154781,47065.86900991,0,113349.174363828,0.63760258293059
2007,132,30,172924,635,PLEURONICHTHYS DECURRENS,CURLFIN SOLE,PLIE <c0> NAGEOIRES FRIS<c9>ES,urn:lsid:marinespecies.org:taxname:282292,108652.788219836,33580.053155101,232982.23001245,0.520399307837586
2007,132,32,172928,636,PSETTICHTHYS MELANOSTICTUS,SAND SOLE,SOLE DE SABLE,urn:lsid:marinespecies.org:taxname:282396,372918.05563207,250271.77139927,533119.464281776,0.185617152023913
2009,155,110,160617,44,SQUALUS SUCKLEYI,NORTH PACIFIC SPINY DOGFISH,AIGUILLAT DU PACIFIQUE,urn:lsid:marinespecies.org:taxname:299224,1019472.50475736,707380.491287275,1439650.37242719,0.192853241409386
2009,155,19,160848,56,BERINGRAJA BINOCULATA,BIG SKATE,RAIE BIOCELL<c9>E,urn:lsid:marinespecies.org:taxname:1021330,382888.050639183,177564.895727558,634187.154672453,0.299400454926284
2009,155,13,160937,58,BATHYRAJA INTERRUPTA,SANDPAPER SKATE,RAIE RUGUEUSE,urn:lsid:marinespecies.org:taxname:271515,32551.8070072318,4719.86089423847,82058.9339119843,0.678709031569912
2009,155,31,160851,59,RAJA RHINA,LONGNOSE SKATE,POCHETEAU LONG-NEZ,urn:lsid:marinespecies.org:taxname:271581,218542.865437471,135829.171800367,310769.465252184,0.198011877688507
2009,155,145,161015,66,HYDROLAGUS COLLIEI,SPOTTED RATFISH,CHIM<c8>RE D<92>AM<c9>RIQUE,urn:lsid:marinespecies.org:taxname:271406,6926206.65711692,4788843.11304286,9285625.42863457,0.163008496545397
2009,155,35,551209,96,CLUPEA PALLASII,PACIFIC HERRING,HARENG DU PACIFIQUE,urn:lsid:marinespecies.org:taxname:151159,145388.450703085,83734.7156616368,214008.377883332,0.228852869994951
2009,155,57,162051,148,THALEICHTHYS PACIFICUS,EULACHON,EULAKANE,urn:lsid:marinespecies.org:taxname:282959,102731.231071785,72819.3425774698,136999.562925764,0.160772705445344
2009,155,102,164711,222,GADUS MACROCEPHALUS,PACIFIC COD,MORUE DU PACIFIQUE,urn:lsid:marinespecies.org:taxname:254538,2460802.40203467,744746.721875099,4918282.76851837,0.450447695519888
2009,155,20,164792,225,MERLUCCIUS PRODUCTUS,PACIFIC HAKE,MERLU DU PACIFIQUE,urn:lsid:marinespecies.org:taxname:272458,135193.307544237,36652.6568255283,309543.422579511,0.56546608079227
2009,155,25,164719,226,MICROGADUS PROXIMUS,PACIFIC TOMCOD,POULAMON DU PACIFIQUE,urn:lsid:marinespecies.org:taxname:275873,187347.594992736,33732.8844645178,396806.256392926,0.488401952111551
2009,155,80,934083,228,GADUS CHALCOGRAMMUS,WALLEYE POLLOCK,GOBERGE DE L<92>ALASKA,urn:lsid:marinespecies.org:taxname:300735,1051393.52082634,575876.317055213,1715248.10475115,0.275449208543109
2009,155,18,630999,245,LYCODES PACIFICUS,BLACKBELLY EELPOUT,LYCODE <c0> VENTRE NOIR,urn:lsid:marinespecies.org:taxname:274116,4452.35360583311,1731.95576178664,7613.24046694649,0.345552274824704
2009,155,23,630414,361,AMMODYTES PERSONATUS,PACIFIC SAND LANCE,LAN<c7>ON GOURDEAU,urn:lsid:marinespecies.org:taxname:272967,37303.6492396561,8352.37028617154,70387.305920788,0.416720616320452
2009,155,19,166706,394,SEBASTES ALEUTIANUS/MELANOSTICTUS COMPLEX,ROUGHEYE/BLACKSPOTTED ROCKFISH COMPLEX,COMPLEXE DES S<c9>BASTES <c0> <8c>IL <c9>PINEUX ET <c0> TACHES NOIRES,unknown,40118.7422773539,21599.289585008,67888.95904728,0.289820718040195
2009,155,56,166707,396,SEBASTES ALUTUS,PACIFIC OCEAN PERCH,S<c9>BASTE <c0> LONGUE M<c2>CHOIRE,urn:lsid:marinespecies.org:taxname:254573,511472.091002388,168880.00949604,999716.016868996,0.416629934846042
2009,155,42,166710,401,SEBASTES BABCOCKI,REDBANDED ROCKFISH,S<c9>BASTE <c0> BANDES ROUGES,urn:lsid:marinespecies.org:taxname:274775,323201.681894861,219964.806637326,442727.239071574,0.182461634243343
2009,155,55,166711,405,SEBASTES BREVISPINIS,SILVERGRAY ROCKFISH,S<c9>BASTE ARGENT<c9>,urn:lsid:marinespecies.org:taxname:274778,563646.776975715,306724.335658521,860301.58130296,0.245475178572474
2009,155,11,166713,407,SEBASTES CAURINUS,COPPER ROCKFISH,S<c9>BASTE CUIVR<c9>,urn:lsid:marinespecies.org:taxname:274780,90524.6508360248,18887.392010969,191333.634261831,0.488011967255519
2009,155,11,166717,414,SEBASTES ELONGATUS,GREENSTRIPED ROCKFISH,S<c9>BASTE <c0> RAYURES VERTES,urn:lsid:marinespecies.org:taxname:274788,10524.2065242502,3526.74006645267,18902.460762176,0.382333843534434
2009,155,27,166720,418,SEBASTES FLAVIDUS,YELLOWTAIL ROCKFISH,S<c9>BASTE <c0> QUEUE JAUNE,urn:lsid:marinespecies.org:taxname:274795,292362.565703865,145659.211496068,469073.283783759,0.287984569129059
2009,155,28,166726,424,SEBASTES MALIGER,QUILLBACK ROCKFISH,S<c9>BASTE <c0> DOS <c9>PINEUX,urn:lsid:marinespecies.org:taxname:274815,184828.505994554,66122.4114065907,356592.0472938,0.408560535984789
2009,155,5,166733,435,SEBASTES PAUCISPINIS,BOCACCIO,BOCACCIO,urn:lsid:marinespecies.org:taxname:274833,15731.6006219328,2992.65050309804,31702.3729230442,0.477158678923972
2009,155,17,166734,437,SEBASTES PINNIGER,CANARY ROCKFISH,S<c9>BASTE CANARI,urn:lsid:marinespecies.org:taxname:274836,68386.4906853834,21406.0037278856,139013.362459659,0.449201633791015
2009,155,8,166736,439,SEBASTES PRORIGER,REDSTRIPE ROCKFISH,S<c9>BASTE <c0> RAIE ROUGE,urn:lsid:marinespecies.org:taxname:274838,17784.9925765817,2024.25210036591,44935.4217551944,0.706933620173424
2009,155,3,166740,442,SEBASTES RUBERRIMUS,YELLOWEYE ROCKFISH,S<c9>BASTE AUX YEUX JAUNES,urn:lsid:marinespecies.org:taxname:274844,10533.6865371476,0,26427.8216177196,0.610318344747332
2009,155,17,166744,450,SEBASTES ZACENTRUS,SHARPCHIN ROCKFISH,S<c9>BASTE <c0> MENTON POINTU,urn:lsid:marinespecies.org:taxname:274869,8015.62968132987,1801.01586403864,19749.61229467,0.642900456886376
2009,155,35,166783,451,SEBASTOLOBUS ALASCANUS,SHORTSPINE THORNYHEAD,S<c9>BASTOLOBE <c0> COURTES <c9>PINES,urn:lsid:marinespecies.org:taxname:282740,169602.42609341,95989.1470610271,263056.70763894,0.249239522158787
2009,155,55,167123,455,ANOPLOPOMA FIMBRIA,SABLEFISH,MORUE CHARBONNI<c8>RE,urn:lsid:marinespecies.org:taxname:159463,4175087.99524896,395723.31584271,10069872.6194761,0.597389227455323
2009,155,17,167110,461,HEXAGRAMMOS DECAGRAMMUS,KELP GREENLING,SOURCIL DE VARECH,urn:lsid:marinespecies.org:taxname:240732,64414.2915628643,23631.8369869376,116751.772914162,0.371716590414232
2009,155,62,167116,467,OPHIODON ELONGATUS,LINGCOD,MORUE-LINGUE,urn:lsid:marinespecies.org:taxname:240745,245212.561386673,160909.880001381,336198.203792208,0.182712758283178
2009,155,37,172716,596,CITHARICHTHYS SORDIDUS,PACIFIC SANDDAB,LIMANDE SORDIDE,urn:lsid:marinespecies.org:taxname:275694,499869.525406798,160273.924640855,953193.33769144,0.420717989673002
2009,155,124,172862,602,ATHERESTHES STOMIAS,ARROWTOOTH FLOUNDER,PLIE <c0> GRANDE BOUCHE,urn:lsid:marinespecies.org:taxname:279792,13074247.177175,9276549.38806969,17657546.1146982,0.172848866122284
2009,155,59,172868,607,EOPSETTA JORDANI,PETRALE SOLE,PLIE DE CALIFORNIE,urn:lsid:marinespecies.org:taxname:280690,229353.709894737,114082.808469894,399435.124560317,0.319761100065377
2009,155,108,172978,610,GLYPTOCEPHALUS ZACHIRUS,REX SOLE,PLIE ROYALE,urn:lsid:marinespecies.org:taxname:274287,2275717.99424295,1767658.66924273,2843283.18813942,0.122240900773394
2009,155,56,172875,612,HIPPOGLOSSOIDES ELASSODON,FLATHEAD SOLE,PLIE <c0> T<ca>TE PLATE,urn:lsid:marinespecies.org:taxname:274289,336296.166874269,209388.490603734,491817.342495657,0.211486397239659
2009,155,92,172932,614,HIPPOGLOSSUS STENOLEPIS,PACIFIC HALIBUT,FL<c9>TAN DU PACIFIQUE,urn:lsid:marinespecies.org:taxname:274290,1703071.59773762,1263440.39856148,2224624.95524727,0.139521333075807
2009,155,26,172919,619,ISOPSETTA ISOLEPIS,BUTTER SOLE,PLIE <c0> <c9>CAILLES R<c9>GULI<c8>RES,urn:lsid:marinespecies.org:taxname:281189,157775.35456764,52441.4026827686,293390.432091643,0.394296619868717
2009,155,64,172917,621,LEPIDOPSETTA BILINEATA,SOUTHERN ROCK SOLE,FAUSSE LIMANDE DU PACIFIQUE,urn:lsid:marinespecies.org:taxname:281305,1870545.4235204,1176974.57764482,2761543.86951563,0.219699927091857
2009,155,40,172871,625,LYOPSETTA EXILIS,SLENDER SOLE,PLIE MINCE,urn:lsid:marinespecies.org:taxname:281452,40936.0675796145,25508.4290302674,59681.1286071678,0.205291765809235
2009,155,105,172887,626,MICROSTOMUS PACIFICUS,DOVER SOLE,LIMANDE-SOLE,urn:lsid:marinespecies.org:taxname:274294,2106747.4712071,1409800.70226783,3021202.07112935,0.191814576759168
2009,155,94,172921,628,PAROPHRYS VETULUS,ENGLISH SOLE,CARLOTTIN ANGLAIS,urn:lsid:marinespecies.org:taxname:254393,2789062.86124592,1814066.03166073,4092748.97406647,0.201643884352311
2009,155,2,172893,631,PLATICHTHYS STELLATUS,STARRY FLOUNDER,FLET <c9>TOIL<c9>,urn:lsid:marinespecies.org:taxname:154781,289456.849399196,0,870846.544959331,1.00294753969473
2009,155,24,172924,635,PLEURONICHTHYS DECURRENS,CURLFIN SOLE,PLIE <c0> NAGEOIRES FRIS<c9>ES,urn:lsid:marinespecies.org:taxname:282292,48365.388862519,25800.9753314328,79996.4449034208,0.292079748470383
2009,155,42,172928,636,PSETTICHTHYS MELANOSTICTUS,SAND SOLE,SOLE DE SABLE,urn:lsid:marinespecies.org:taxname:282396,544264.055988529,260604.833768985,986306.397996955,0.339491797936996
2011,184,143,160617,44,SQUALUS SUCKLEYI,NORTH PACIFIC SPINY DOGFISH,AIGUILLAT DU PACIFIQUE,urn:lsid:marinespecies.org:taxname:299224,5250215.95319635,2149671.11657265,10475508.2592156,0.450815115255888
2011,184,47,160848,56,BERINGRAJA BINOCULATA,BIG SKATE,RAIE BIOCELL<c9>E,urn:lsid:marinespecies.org:taxname:1021330,1284030.34009142,798487.235376476,1911040.9249113,0.208973173175493
2011,184,23,160937,58,BATHYRAJA INTERRUPTA,SANDPAPER SKATE,RAIE RUGUEUSE,urn:lsid:marinespecies.org:taxname:271515,48273.8458652346,17237.5539084892,93441.6053240687,0.431350504358133
2011,184,47,160851,59,RAJA RHINA,LONGNOSE SKATE,POCHETEAU LONG-NEZ,urn:lsid:marinespecies.org:taxname:271581,397615.55402437,267331.494911231,564536.807588573,0.188551915757538
2011,184,180,161015,66,HYDROLAGUS COLLIEI,SPOTTED RATFISH,CHIM<c8>RE D<92>AM<c9>RIQUE,urn:lsid:marinespecies.org:taxname:271406,15307410.4208413,10879002.6896473,20901599.4316323,0.169473509509485
2011,184,50,551209,96,CLUPEA PALLASII,PACIFIC HERRING,HARENG DU PACIFIQUE,urn:lsid:marinespecies.org:taxname:151159,334782.440749904,175264.509367316,521828.370013602,0.25649424468736
2011,184,43,162051,148,THALEICHTHYS PACIFICUS,EULACHON,EULAKANE,urn:lsid:marinespecies.org:taxname:282959,131039.635864743,80556.6704964866,192580.072757618,0.224356483377249
2011,184,124,164711,222,GADUS MACROCEPHALUS,PACIFIC COD,MORUE DU PACIFIQUE,urn:lsid:marinespecies.org:taxname:254538,1860727.62521692,1083378.28344268,2978668.00516758,0.264873257349071
2011,184,9,164792,225,MERLUCCIUS PRODUCTUS,PACIFIC HAKE,MERLU DU PACIFIQUE,urn:lsid:marinespecies.org:taxname:272458,56084.3304908944,23419.6986631091,97863.7584478229,0.34055362837363
2011,184,25,164719,226,MICROGADUS PROXIMUS,PACIFIC TOMCOD,POULAMON DU PACIFIQUE,urn:lsid:marinespecies.org:taxname:275873,34724.5323075463,11989.8624839671,62663.7475533567,0.384017442637512
2011,184,95,934083,228,GADUS CHALCOGRAMMUS,WALLEYE POLLOCK,GOBERGE DE L<92>ALASKA,urn:lsid:marinespecies.org:taxname:300735,1088238.26675424,544108.293262918,1812851.24896034,0.308363614563964
2011,184,20,630999,245,LYCODES PACIFICUS,BLACKBELLY EELPOUT,LYCODE <c0> VENTRE NOIR,urn:lsid:marinespecies.org:taxname:274116,16047.0226127178,2969.80181599371,36272.1073320086,0.557469397530453
2011,184,34,630414,361,AMMODYTES PERSONATUS,PACIFIC SAND LANCE,LAN<c7>ON GOURDEAU,urn:lsid:marinespecies.org:taxname:272967,64397.4546089557,24160.7554833159,122913.42319719,0.386838184819394
2011,184,20,166706,394,SEBASTES ALEUTIANUS/MELANOSTICTUS COMPLEX,ROUGHEYE/BLACKSPOTTED ROCKFISH COMPLEX,COMPLEXE DES S<c9>BASTES <c0> <8c>IL <c9>PINEUX ET <c0> TACHES NOIRES,unknown,58555.4969687329,35138.558671174,83741.2113374104,0.2142306220123
2011,184,57,166707,396,SEBASTES ALUTUS,PACIFIC OCEAN PERCH,S<c9>BASTE <c0> LONGUE M<c2>CHOIRE,urn:lsid:marinespecies.org:taxname:254573,324720.26153174,148282.555352063,585388.938009249,0.337572913483256
2011,184,41,166710,401,SEBASTES BABCOCKI,REDBANDED ROCKFISH,S<c9>BASTE <c0> BANDES ROUGES,urn:lsid:marinespecies.org:taxname:274775,757268.215075855,424689.475688988,1295677.92605644,0.301466597411268
2011,184,56,166711,405,SEBASTES BREVISPINIS,SILVERGRAY ROCKFISH,S<c9>BASTE ARGENT<c9>,urn:lsid:marinespecies.org:taxname:274778,621737.978062062,339881.022965333,954093.687415204,0.256072513699251
2011,184,15,166713,407,SEBASTES CAURINUS,COPPER ROCKFISH,S<c9>BASTE CUIVR<c9>,urn:lsid:marinespecies.org:taxname:274780,100049.056597708,37708.9281844311,172174.323135471,0.348443894201722
2011,184,14,166717,414,SEBASTES ELONGATUS,GREENSTRIPED ROCKFISH,S<c9>BASTE <c0> RAYURES VERTES,urn:lsid:marinespecies.org:taxname:274788,22454.9457145517,7804.69905741555,41252.246790288,0.38872621818897
2011,184,35,166720,418,SEBASTES FLAVIDUS,YELLOWTAIL ROCKFISH,S<c9>BASTE <c0> QUEUE JAUNE,urn:lsid:marinespecies.org:taxname:274795,1863669.20689736,233773.855553971,4600084.94491936,0.575262521146841
2011,184,40,166726,424,SEBASTES MALIGER,QUILLBACK ROCKFISH,S<c9>BASTE <c0> DOS <c9>PINEUX,urn:lsid:marinespecies.org:taxname:274815,390570.022350838,213156.969137215,628147.180774756,0.26723178925087
2011,184,5,166733,435,SEBASTES PAUCISPINIS,BOCACCIO,BOCACCIO,urn:lsid:marinespecies.org:taxname:274833,55883.5667065937,2499.80353316573,130590.735684356,0.618327009366355
2011,184,20,166734,437,SEBASTES PINNIGER,CANARY ROCKFISH,S<c9>BASTE CANARI,urn:lsid:marinespecies.org:taxname:274836,270572.093572329,61648.3826471946,569772.400872963,0.494664025296224
2011,184,16,166736,439,SEBASTES PRORIGER,REDSTRIPE ROCKFISH,S<c9>BASTE <c0> RAIE ROUGE,urn:lsid:marinespecies.org:taxname:274838,663333.540046207,12722.3572638624,1704694.35781302,0.690309768079248
2011,184,3,166740,442,SEBASTES RUBERRIMUS,YELLOWEYE ROCKFISH,S<c9>BASTE AUX YEUX JAUNES,urn:lsid:marinespecies.org:taxname:274844,10802.6362895878,0,25004.5224270647,0.568786275358801
2011,184,11,166744,450,SEBASTES ZACENTRUS,SHARPCHIN ROCKFISH,S<c9>BASTE <c0> MENTON POINTU,urn:lsid:marinespecies.org:taxname:274869,13960.1527814774,1132.80855220796,37102.3339009175,0.758703943703531
2011,184,32,166783,451,SEBASTOLOBUS ALASCANUS,SHORTSPINE THORNYHEAD,S<c9>BASTOLOBE <c0> COURTES <c9>PINES,urn:lsid:marinespecies.org:taxname:282740,282234.231639666,127406.732372639,524009.579582281,0.368329489800236
2011,184,60,167123,455,ANOPLOPOMA FIMBRIA,SABLEFISH,MORUE CHARBONNI<c8>RE,urn:lsid:marinespecies.org:taxname:159463,254273.000730174,160199.049613597,372195.231858652,0.21990433018172
2011,184,18,167110,461,HEXAGRAMMOS DECAGRAMMUS,KELP GREENLING,SOURCIL DE VARECH,urn:lsid:marinespecies.org:taxname:240732,75791.8311597008,34382.8496660847,131731.711779208,0.307925005538319
2011,184,51,167116,467,OPHIODON ELONGATUS,LINGCOD,MORUE-LINGUE,urn:lsid:marinespecies.org:taxname:240745,373117.958156899,212424.495203014,569791.581120203,0.24870888164468
2011,184,25,172716,596,CITHARICHTHYS SORDIDUS,PACIFIC SANDDAB,LIMANDE SORDIDE,urn:lsid:marinespecies.org:taxname:275694,195660.785227173,49328.5184237812,500622.973870176,0.598037179705321
2011,184,133,172862,602,ATHERESTHES STOMIAS,ARROWTOOTH FLOUNDER,PLIE <c0> GRANDE BOUCHE,urn:lsid:marinespecies.org:taxname:279792,15796838.3280001,11805440.3617994,20312554.2714634,0.138055256354911
2011,184,81,172868,607,EOPSETTA JORDANI,PETRALE SOLE,PLIE DE CALIFORNIE,urn:lsid:marinespecies.org:taxname:280690,399571.84532828,274371.009474944,545119.794209878,0.172044697966656
2011,184,120,172978,610,GLYPTOCEPHALUS ZACHIRUS,REX SOLE,PLIE ROYALE,urn:lsid:marinespecies.org:taxname:274287,2730675.42616711,1930411.60165253,3660794.9164735,0.167566205649704
2011,184,56,172875,612,HIPPOGLOSSOIDES ELASSODON,FLATHEAD SOLE,PLIE <c0> T<ca>TE PLATE,urn:lsid:marinespecies.org:taxname:274289,514668.243444135,264072.440086897,814242.930754231,0.272792813646191
2011,184,119,172932,614,HIPPOGLOSSUS STENOLEPIS,PACIFIC HALIBUT,FL<c9>TAN DU PACIFIQUE,urn:lsid:marinespecies.org:taxname:274290,3365528.54947031,1821871.47206923,6085314.82817982,0.368369392380933
2011,184,35,172919,619,ISOPSETTA ISOLEPIS,BUTTER SOLE,PLIE <c0> <c9>CAILLES R<c9>GULI<c8>RES,urn:lsid:marinespecies.org:taxname:281189,241135.153446755,64489.6385862053,495957.760828673,0.459300485938681
2011,184,87,172917,621,LEPIDOPSETTA BILINEATA,SOUTHERN ROCK SOLE,FAUSSE LIMANDE DU PACIFIQUE,urn:lsid:marinespecies.org:taxname:281305,2315437.35585454,1587890.64071975,3222241.48272651,0.177398398506103
2011,184,42,172871,625,LYOPSETTA EXILIS,SLENDER SOLE,PLIE MINCE,urn:lsid:marinespecies.org:taxname:281452,47181.5181193658,22983.8710285069,77047.4983130283,0.285178736979817
2011,184,114,172887,626,MICROSTOMUS PACIFICUS,DOVER SOLE,LIMANDE-SOLE,urn:lsid:marinespecies.org:taxname:274294,4207344.73440527,2660701.19228372,5899616.2845387,0.186373227632821
2011,184,120,172921,628,PAROPHRYS VETULUS,ENGLISH SOLE,CARLOTTIN ANGLAIS,urn:lsid:marinespecies.org:taxname:254393,3242312.46093557,2002856.69029866,4647775.56611313,0.208854967733689
2011,184,9,172893,631,PLATICHTHYS STELLATUS,STARRY FLOUNDER,FLET <c9>TOIL<c9>,urn:lsid:marinespecies.org:taxname:154781,315063.907871029,19722.3870124442,872052.439429296,0.80263467642187
2011,184,42,172924,635,PLEURONICHTHYS DECURRENS,CURLFIN SOLE,PLIE <c0> NAGEOIRES FRIS<c9>ES,urn:lsid:marinespecies.org:taxname:282292,114184.453906958,70734.6854045642,166597.121671655,0.212778474432673
2011,184,56,172928,636,PSETTICHTHYS MELANOSTICTUS,SAND SOLE,SOLE DE SABLE,urn:lsid:marinespecies.org:taxname:282396,541574.143241218,337444.776648784,788349.565076422,0.215109226729762
2013,175,128,160617,44,SQUALUS SUCKLEYI,NORTH PACIFIC SPINY DOGFISH,AIGUILLAT DU PACIFIQUE,urn:lsid:marinespecies.org:taxname:299224,1597960.77565826,1166880.22036291,2090165.0754933,0.1496795107916
2013,175,38,160848,56,BERINGRAJA BINOCULATA,BIG SKATE,RAIE BIOCELL<c9>E,urn:lsid:marinespecies.org:taxname:1021330,1151311.06704715,685308.217770457,1692862.02228151,0.224865098246143
2013,175,13,160937,58,BATHYRAJA INTERRUPTA,SANDPAPER SKATE,RAIE RUGUEUSE,urn:lsid:marinespecies.org:taxname:271515,12966.8215673768,4866.63844052379,22203.0331780749,0.345497311742455
2013,175,37,160851,59,RAJA RHINA,LONGNOSE SKATE,POCHETEAU LONG-NEZ,urn:lsid:marinespecies.org:taxname:271581,259141.468711371,172647.533785234,372602.398372747,0.197448119742903
2013,175,172,161015,66,HYDROLAGUS COLLIEI,SPOTTED RATFISH,CHIM<c8>RE D<92>AM<c9>RIQUE,urn:lsid:marinespecies.org:taxname:271406,15940392.0184476,8898773.37380233,25485701.4055291,0.263349948912598
2013,175,65,551209,96,CLUPEA PALLASII,PACIFIC HERRING,HARENG DU PACIFIQUE,urn:lsid:marinespecies.org:taxname:151159,347239.471310088,215454.804364806,484470.662605978,0.200216249593334
2013,175,47,162051,148,THALEICHTHYS PACIFICUS,EULACHON,EULAKANE,urn:lsid:marinespecies.org:taxname:282959,84003.2718005753,54515.9291642641,118630.660153277,0.197816678660065
2013,175,132,164711,222,GADUS MACROCEPHALUS,PACIFIC COD,MORUE DU PACIFIQUE,urn:lsid:marinespecies.org:taxname:254538,2326530.40367484,1443255.5019759,3512294.71140463,0.236011882637228
2013,175,2,164792,225,MERLUCCIUS PRODUCTUS,PACIFIC HAKE,MERLU DU PACIFIQUE,urn:lsid:marinespecies.org:taxname:272458,7749.398646188,0,21594.161212648,0.782598383668657
2013,175,32,164719,226,MICROGADUS PROXIMUS,PACIFIC TOMCOD,POULAMON DU PACIFIQUE,urn:lsid:marinespecies.org:taxname:275873,67776.2810648977,31728.5455917544,108177.758866378,0.289719060479136
2013,175,101,934083,228,GADUS CHALCOGRAMMUS,WALLEYE POLLOCK,GOBERGE DE L<92>ALASKA,urn:lsid:marinespecies.org:taxname:300735,1840277.07348266,1101827.44839225,2647472.7504852,0.222081737443278
2013,175,9,630999,245,LYCODES PACIFICUS,BLACKBELLY EELPOUT,LYCODE <c0> VENTRE NOIR,urn:lsid:marinespecies.org:taxname:274116,4007.24354933814,1186.20450992886,7471.19137347735,0.396932423330524
2013,175,24,630414,361,AMMODYTES PERSONATUS,PACIFIC SAND LANCE,LAN<c7>ON GOURDEAU,urn:lsid:marinespecies.org:taxname:272967,286080.075388428,87050.0725916656,554312.53277395,0.420598666631927
2013,175,17,166706,394,SEBASTES ALEUTIANUS/MELANOSTICTUS COMPLEX,ROUGHEYE/BLACKSPOTTED ROCKFISH COMPLEX,COMPLEXE DES S<c9>BASTES <c0> <8c>IL <c9>PINEUX ET <c0> TACHES NOIRES,unknown,25617.3037950464,9395.10735054376,49681.6697105457,0.409699350265916
2013,175,60,166707,396,SEBASTES ALUTUS,PACIFIC OCEAN PERCH,S<c9>BASTE <c0> LONGUE M<c2>CHOIRE,urn:lsid:marinespecies.org:taxname:254573,791201.022666094,348857.144773162,1401076.88439191,0.338960144687951
2013,175,42,166710,401,SEBASTES BABCOCKI,REDBANDED ROCKFISH,S<c9>BASTE <c0> BANDES ROUGES,urn:lsid:marinespecies.org:taxname:274775,319676.623203912,195858.312386277,451369.627936591,0.198118627687461
2013,175,47,166711,405,SEBASTES BREVISPINIS,SILVERGRAY ROCKFISH,S<c9>BASTE ARGENT<c9>,urn:lsid:marinespecies.org:taxname:274778,355854.987786324,229039.582018292,539723.218082263,0.221354252790786
2013,175,15,166713,407,SEBASTES CAURINUS,COPPER ROCKFISH,S<c9>BASTE CUIVR<c9>,urn:lsid:marinespecies.org:taxname:274780,240235.126504787,67031.172149437,479697.367302567,0.44452091770636
2013,175,19,166717,414,SEBASTES ELONGATUS,GREENSTRIPED ROCKFISH,S<c9>BASTE <c0> RAYURES VERTES,urn:lsid:marinespecies.org:taxname:274788,15154.2468933389,5706.60737879811,27464.5101040475,0.370128366876959
2013,175,25,166720,418,SEBASTES FLAVIDUS,YELLOWTAIL ROCKFISH,S<c9>BASTE <c0> QUEUE JAUNE,urn:lsid:marinespecies.org:taxname:274795,336747.419800044,110570.173865468,697546.992175405,0.461732972617652
2013,175,44,166726,424,SEBASTES MALIGER,QUILLBACK ROCKFISH,S<c9>BASTE <c0> DOS <c9>PINEUX,urn:lsid:marinespecies.org:taxname:274815,442508.162209505,201124.00134922,720247.674752545,0.302888045175478
2013,175,2,166733,435,SEBASTES PAUCISPINIS,BOCACCIO,BOCACCIO,urn:lsid:marinespecies.org:taxname:274833,8157.96367677076,0,22369.2005574684,0.781865258799802
2013,175,16,166734,437,SEBASTES PINNIGER,CANARY ROCKFISH,S<c9>BASTE CANARI,urn:lsid:marinespecies.org:taxname:274836,218585.399571328,39514.0662280748,567119.166666665,0.6169805965295
2013,175,9,166736,439,SEBASTES PRORIGER,REDSTRIPE ROCKFISH,S<c9>BASTE <c0> RAIE ROUGE,urn:lsid:marinespecies.org:taxname:274838,403593.049564688,25410.9215123288,948599.262890404,0.599139761458809
2013,175,6,166740,442,SEBASTES RUBERRIMUS,YELLOWEYE ROCKFISH,S<c9>BASTE AUX YEUX JAUNES,urn:lsid:marinespecies.org:taxname:274844,19840.3990091255,5876.93076660577,38023.1891631825,0.400940341414863
2013,175,8,166744,450,SEBASTES ZACENTRUS,SHARPCHIN ROCKFISH,S<c9>BASTE <c0> MENTON POINTU,urn:lsid:marinespecies.org:taxname:274869,6739.58440414808,851.773647499102,16754.3694501038,0.620584056313354
2013,175,37,166783,451,SEBASTOLOBUS ALASCANUS,SHORTSPINE THORNYHEAD,S<c9>BASTOLOBE <c0> COURTES <c9>PINES,urn:lsid:marinespecies.org:taxname:282740,406771.416930494,208708.064962805,638771.060182958,0.267522030155087
2013,175,58,167123,455,ANOPLOPOMA FIMBRIA,SABLEFISH,MORUE CHARBONNI<c8>RE,urn:lsid:marinespecies.org:taxname:159463,528908.517639356,253073.654052484,884070.250176783,0.311393636408198
2013,175,25,167110,461,HEXAGRAMMOS DECAGRAMMUS,KELP GREENLING,SOURCIL DE VARECH,urn:lsid:marinespecies.org:taxname:240732,108184.98119155,52087.2096831558,175457.618694225,0.289832610839302
2013,175,26,167116,467,OPHIODON ELONGATUS,LINGCOD,MORUE-LINGUE,urn:lsid:marinespecies.org:taxname:240745,95042.051664103,50579.6082101394,146744.011075965,0.262136963173626
2013,175,29,172716,596,CITHARICHTHYS SORDIDUS,PACIFIC SANDDAB,LIMANDE SORDIDE,urn:lsid:marinespecies.org:taxname:275694,401500.925072402,85650.913613307,975137.267806233,0.586578328452915
2013,175,133,172862,602,ATHERESTHES STOMIAS,ARROWTOOTH FLOUNDER,PLIE <c0> GRANDE BOUCHE,urn:lsid:marinespecies.org:taxname:279792,14513183.1744522,10004189.0561882,20100956.5858117,0.180336258836054
2013,175,79,172868,607,EOPSETTA JORDANI,PETRALE SOLE,PLIE DE CALIFORNIE,urn:lsid:marinespecies.org:taxname:280690,427411.307318224,301510.407465399,573961.687015924,0.161577715700499
2013,175,116,172978,610,GLYPTOCEPHALUS ZACHIRUS,REX SOLE,PLIE ROYALE,urn:lsid:marinespecies.org:taxname:274287,2697533.95765321,1931008.82092737,3610648.2626850298,0.164863249611609
2013,175,61,172875,612,HIPPOGLOSSOIDES ELASSODON,FLATHEAD SOLE,PLIE <c0> T<ca>TE PLATE,urn:lsid:marinespecies.org:taxname:274289,566530.60413013,277930.056249052,953157.226922839,0.299951324477009
2013,175,124,172932,614,HIPPOGLOSSUS STENOLEPIS,PACIFIC HALIBUT,FL<c9>TAN DU PACIFIQUE,urn:lsid:marinespecies.org:taxname:274290,3331588.43629086,2693967.44365091,4052898.8200849,0.106106736678748
2013,175,44,172919,619,ISOPSETTA ISOLEPIS,BUTTER SOLE,PLIE <c0> <c9>CAILLES R<c9>GULI<c8>RES,urn:lsid:marinespecies.org:taxname:281189,306915.107637625,166145.504240611,489290.972733079,0.262519545704234
2013,175,94,172917,621,LEPIDOPSETTA BILINEATA,SOUTHERN ROCK SOLE,FAUSSE LIMANDE DU PACIFIQUE,urn:lsid:marinespecies.org:taxname:281305,4417963.96460238,2877492.8136486,6389096.26863849,0.208197208308572
2013,175,35,172871,625,LYOPSETTA EXILIS,SLENDER SOLE,PLIE MINCE,urn:lsid:marinespecies.org:taxname:281452,33715.4415474018,17203.986955109,56783.3692858371,0.298657934153485
2013,175,107,172887,626,MICROSTOMUS PACIFICUS,DOVER SOLE,LIMANDE-SOLE,urn:lsid:marinespecies.org:taxname:274294,4477167.56688039,2988984.87915266,6236407.14608909,0.188327416466963
2013,175,113,172921,628,PAROPHRYS VETULUS,ENGLISH SOLE,CARLOTTIN ANGLAIS,urn:lsid:marinespecies.org:taxname:254393,8300182.87170836,5516501.90598893,11823796.0083346,0.191125118895239
2013,175,11,172893,631,PLATICHTHYS STELLATUS,STARRY FLOUNDER,FLET <c9>TOIL<c9>,urn:lsid:marinespecies.org:taxname:154781,350916.045394514,49792.422949917,887693.711787512,0.647751541002716
2013,175,41,172924,635,PLEURONICHTHYS DECURRENS,CURLFIN SOLE,PLIE <c0> NAGEOIRES FRIS<c9>ES,urn:lsid:marinespecies.org:taxname:282292,143051.571056949,74134.310427337,241085.455310482,0.304209393979722
2013,175,53,172928,636,PSETTICHTHYS MELANOSTICTUS,SAND SOLE,SOLE DE SABLE,urn:lsid:marinespecies.org:taxname:282396,890880.291465789,459126.021946808,1459868.84399436,0.295803199496167
2015,148,77,160617,44,SQUALUS SUCKLEYI,NORTH PACIFIC SPINY DOGFISH,AIGUILLAT DU PACIFIQUE,urn:lsid:marinespecies.org:taxname:299224,977497.974554493,475383.791559532,1668845.66575482,0.347812790368231
2015,148,35,160848,56,BERINGRAJA BINOCULATA,BIG SKATE,RAIE BIOCELL<c9>E,urn:lsid:marinespecies.org:taxname:1021330,368507.276164484,230375.834924584,547994.080805783,0.21291385440268
2015,148,19,160937,58,BATHYRAJA INTERRUPTA,SANDPAPER SKATE,RAIE RUGUEUSE,urn:lsid:marinespecies.org:taxname:271515,15393.6741865431,9032.44837429668,21608.9386521705,0.210206619417854
2015,148,29,160851,59,RAJA RHINA,LONGNOSE SKATE,POCHETEAU LONG-NEZ,urn:lsid:marinespecies.org:taxname:271581,157956.634590388,86704.60102439,253455.364881546,0.269998413570662
2015,148,135,161015,66,HYDROLAGUS COLLIEI,SPOTTED RATFISH,CHIM<c8>RE D<92>AM<c9>RIQUE,urn:lsid:marinespecies.org:taxname:271406,9054820.71955281,6202507.09944941,12686862.2138047,0.182223655532586
2015,148,69,551209,96,CLUPEA PALLASII,PACIFIC HERRING,HARENG DU PACIFIQUE,urn:lsid:marinespecies.org:taxname:151159,459042.351084574,243358.757258145,757602.661881595,0.290813665772833
2015,148,59,162051,148,THALEICHTHYS PACIFICUS,EULACHON,EULAKANE,urn:lsid:marinespecies.org:taxname:282959,473482.436746708,205495.815554284,830068.070390254,0.352142996334024
2015,148,107,164711,222,GADUS MACROCEPHALUS,PACIFIC COD,MORUE DU PACIFIQUE,urn:lsid:marinespecies.org:taxname:254538,956609.075174222,598916.136065513,1394001.82533027,0.20913780724473
2015,148,5,164792,225,MERLUCCIUS PRODUCTUS,PACIFIC HAKE,MERLU DU PACIFIQUE,urn:lsid:marinespecies.org:taxname:272458,14105.9347129515,1557.54096175787,34515.7778818351,0.673852190462989
2015,148,40,164719,226,MICROGADUS PROXIMUS,PACIFIC TOMCOD,POULAMON DU PACIFIQUE,urn:lsid:marinespecies.org:taxname:275873,216057.203341977,69568.8684739524,438120.887382826,0.438727604627249
2015,148,89,934083,228,GADUS CHALCOGRAMMUS,WALLEYE POLLOCK,GOBERGE DE L<92>ALASKA,urn:lsid:marinespecies.org:taxname:300735,1988798.16415991,1064960.60836823,3081191.90041712,0.264946493915365
2015,148,16,630999,245,LYCODES PACIFICUS,BLACKBELLY EELPOUT,LYCODE <c0> VENTRE NOIR,urn:lsid:marinespecies.org:taxname:274116,3798.18399012259,1025.26592260491,8622.32818933563,0.54392643105386
2015,148,21,630414,361,AMMODYTES PERSONATUS,PACIFIC SAND LANCE,LAN<c7>ON GOURDEAU,urn:lsid:marinespecies.org:taxname:272967,324473.585135755,33775.7880747399,723421.48183977,0.556467069992459
2015,148,22,166706,394,SEBASTES ALEUTIANUS/MELANOSTICTUS COMPLEX,ROUGHEYE/BLACKSPOTTED ROCKFISH COMPLEX,COMPLEXE DES S<c9>BASTES <c0> <8c>IL <c9>PINEUX ET <c0> TACHES NOIRES,unknown,50288.2853130902,23044.9372507486,88538.3600861955,0.342156917616005
2015,148,53,166707,396,SEBASTES ALUTUS,PACIFIC OCEAN PERCH,S<c9>BASTE <c0> LONGUE M<c2>CHOIRE,urn:lsid:marinespecies.org:taxname:254573,250602.996588473,134351.152146038,393269.156500603,0.263621779824899
2015,148,38,166710,401,SEBASTES BABCOCKI,REDBANDED ROCKFISH,S<c9>BASTE <c0> BANDES ROUGES,urn:lsid:marinespecies.org:taxname:274775,282488.288995223,181245.749627714,392898.935835621,0.197496197955559
2015,148,48,166711,405,SEBASTES BREVISPINIS,SILVERGRAY ROCKFISH,S<c9>BASTE ARGENT<c9>,urn:lsid:marinespecies.org:taxname:274778,266654.542150608,157913.524768475,393822.243364245,0.233159852075487
2015,148,12,166713,407,SEBASTES CAURINUS,COPPER ROCKFISH,S<c9>BASTE CUIVR<c9>,urn:lsid:marinespecies.org:taxname:274780,142484.97799248,42276.9324009398,252633.573124554,0.390871015395487
2015,148,7,166717,414,SEBASTES ELONGATUS,GREENSTRIPED ROCKFISH,S<c9>BASTE <c0> RAYURES VERTES,urn:lsid:marinespecies.org:taxname:274788,2663.1483807562,690.698976022509,5229.57901843922,0.433614251653052
2015,148,28,166720,418,SEBASTES FLAVIDUS,YELLOWTAIL ROCKFISH,S<c9>BASTE <c0> QUEUE JAUNE,urn:lsid:marinespecies.org:taxname:274795,422988.341636225,87023.797749259,874519.498512763,0.501827022983016
2015,148,32,166726,424,SEBASTES MALIGER,QUILLBACK ROCKFISH,S<c9>BASTE <c0> DOS <c9>PINEUX,urn:lsid:marinespecies.org:taxname:274815,281677.38369252,126488.052814293,471990.499814897,0.306443546961596
2015,148,2,166733,435,SEBASTES PAUCISPINIS,BOCACCIO,BOCACCIO,urn:lsid:marinespecies.org:taxname:274833,10852.5171163821,0,29168.8345691285,0.769437256072971
2015,148,14,166734,437,SEBASTES PINNIGER,CANARY ROCKFISH,S<c9>BASTE CANARI,urn:lsid:marinespecies.org:taxname:274836,178073.855951938,14188.3278315911,503540.681263133,0.719007355236053
2015,148,13,166736,439,SEBASTES PRORIGER,REDSTRIPE ROCKFISH,S<c9>BASTE <c0> RAIE ROUGE,urn:lsid:marinespecies.org:taxname:274838,168579.413617366,3395.49596898815,490443.537374302,0.974608848604317
2015,148,3,166740,442,SEBASTES RUBERRIMUS,YELLOWEYE ROCKFISH,S<c9>BASTE AUX YEUX JAUNES,urn:lsid:marinespecies.org:taxname:274844,7046.8459785097,0,16206.0207190914,0.576142018289804
2015,148,9,166744,450,SEBASTES ZACENTRUS,SHARPCHIN ROCKFISH,S<c9>BASTE <c0> MENTON POINTU,urn:lsid:marinespecies.org:taxname:274869,3622.53356520142,529.1120356496,8675.21795638614,0.679597864739146
2015,148,43,166783,451,SEBASTOLOBUS ALASCANUS,SHORTSPINE THORNYHEAD,S<c9>BASTOLOBE <c0> COURTES <c9>PINES,urn:lsid:marinespecies.org:taxname:282740,277896.179046944,153979.261537616,465796.142149668,0.283745522196109
2015,148,93,167123,455,ANOPLOPOMA FIMBRIA,SABLEFISH,MORUE CHARBONNI<c8>RE,urn:lsid:marinespecies.org:taxname:159463,1542651.90988303,683045.038559465,2983947.47389063,0.386691539290902
2015,148,16,167110,461,HEXAGRAMMOS DECAGRAMMUS,KELP GREENLING,SOURCIL DE VARECH,urn:lsid:marinespecies.org:taxname:240732,44369.0855175903,16986.2424372838,78061.9531221872,0.349408093659773
2015,148,23,167116,467,OPHIODON ELONGATUS,LINGCOD,MORUE-LINGUE,urn:lsid:marinespecies.org:taxname:240745,106011.016650317,57243.5016623187,168928.593060801,0.263443441652514
2015,148,21,172716,596,CITHARICHTHYS SORDIDUS,PACIFIC SANDDAB,LIMANDE SORDIDE,urn:lsid:marinespecies.org:taxname:275694,299023.829572825,71837.6893654099,599688.680206354,0.461186492234207
2015,148,123,172862,602,ATHERESTHES STOMIAS,ARROWTOOTH FLOUNDER,PLIE <c0> GRANDE BOUCHE,urn:lsid:marinespecies.org:taxname:279792,8562679.17390519,6096444.90468029,11920401.5904091,0.176965046236138
2015,148,69,172868,607,EOPSETTA JORDANI,PETRALE SOLE,PLIE DE CALIFORNIE,urn:lsid:marinespecies.org:taxname:280690,283954.088464626,199090.825556874,365691.605709567,0.152624500698015
2015,148,120,172978,610,GLYPTOCEPHALUS ZACHIRUS,REX SOLE,PLIE ROYALE,urn:lsid:marinespecies.org:taxname:274287,2506428.24649945,1956362.51422622,3166375.93281791,0.123004958102498
2015,148,74,172875,612,HIPPOGLOSSOIDES ELASSODON,FLATHEAD SOLE,PLIE <c0> T<ca>TE PLATE,urn:lsid:marinespecies.org:taxname:274289,1288433.71042436,688827.933035058,1974782.38336774,0.257086073041874
2015,148,111,172932,614,HIPPOGLOSSUS STENOLEPIS,PACIFIC HALIBUT,FL<c9>TAN DU PACIFIQUE,urn:lsid:marinespecies.org:taxname:274290,3435229.04975674,2376058.08668618,4737967.32162444,0.175888798551487
2015,148,25,172919,619,ISOPSETTA ISOLEPIS,BUTTER SOLE,PLIE <c0> <c9>CAILLES R<c9>GULI<c8>RES,urn:lsid:marinespecies.org:taxname:281189,233925.375377408,101730.663478558,395730.280748607,0.328554282222509
2015,148,70,172917,621,LEPIDOPSETTA BILINEATA,SOUTHERN ROCK SOLE,FAUSSE LIMANDE DU PACIFIQUE,urn:lsid:marinespecies.org:taxname:281305,3295020.53297047,1902207.29152895,5360165.8998259,0.274914881400734
2015,148,47,172871,625,LYOPSETTA EXILIS,SLENDER SOLE,PLIE MINCE,urn:lsid:marinespecies.org:taxname:281452,24841.1114824382,14202.2687587236,38750.6368552131,0.25934345406305
2015,148,117,172887,626,MICROSTOMUS PACIFICUS,DOVER SOLE,LIMANDE-SOLE,urn:lsid:marinespecies.org:taxname:274294,3261670.10081998,2323394.69472718,4411260.09433896,0.166531569207866
2015,148,94,172921,628,PAROPHRYS VETULUS,ENGLISH SOLE,CARLOTTIN ANGLAIS,urn:lsid:marinespecies.org:taxname:254393,3749919.70137942,2709908.7390781,4923600.08071385,0.152199434499892
2015,148,8,172893,631,PLATICHTHYS STELLATUS,STARRY FLOUNDER,FLET <c9>TOIL<c9>,urn:lsid:marinespecies.org:taxname:154781,166746.658861296,18856.9892569018,427699.423413134,0.69442648311426
2015,148,29,172924,635,PLEURONICHTHYS DECURRENS,CURLFIN SOLE,PLIE <c0> NAGEOIRES FRIS<c9>ES,urn:lsid:marinespecies.org:taxname:282292,90168.8501139635,36696.1900503363,177262.554857887,0.406620621357236
2015,148,33,172928,636,PSETTICHTHYS MELANOSTICTUS,SAND SOLE,SOLE DE SABLE,urn:lsid:marinespecies.org:taxname:282396,841694.844885223,434530.161532651,1333593.0376,0.266150706347732
2017,138,102,160617,44,SQUALUS SUCKLEYI,NORTH PACIFIC SPINY DOGFISH,AIGUILLAT DU PACIFIQUE,urn:lsid:marinespecies.org:taxname:299224,663188.508461136,536653.45509938,812703.941041716,0.104417137446038
2017,138,51,160848,56,BERINGRAJA BINOCULATA,BIG SKATE,RAIE BIOCELL<c9>E,urn:lsid:marinespecies.org:taxname:1021330,1212434.86800081,589594.39122334,2097210.69022484,0.346426717259144
2017,138,13,160937,58,BATHYRAJA INTERRUPTA,SANDPAPER SKATE,RAIE RUGUEUSE,urn:lsid:marinespecies.org:taxname:271515,29167.3920886559,12819.6218793744,46903.1786959449,0.296972722514082
2017,138,31,160851,59,RAJA RHINA,LONGNOSE SKATE,POCHETEAU LONG-NEZ,urn:lsid:marinespecies.org:taxname:271581,333757.76667179,158277.338389653,556784.65668093,0.300267620485876
2017,138,134,161015,66,HYDROLAGUS COLLIEI,SPOTTED RATFISH,CHIM<c8>RE D<92>AM<c9>RIQUE,urn:lsid:marinespecies.org:taxname:271406,10938637.6573395,6552521.83234583,15673814.0282775,0.21882489105064
2017,138,50,551209,96,CLUPEA PALLASII,PACIFIC HERRING,HARENG DU PACIFIQUE,urn:lsid:marinespecies.org:taxname:151159,26638.7831394304,16423.2765122049,38478.4451838843,0.216076165377971
2017,138,47,162051,148,THALEICHTHYS PACIFICUS,EULACHON,EULAKANE,urn:lsid:marinespecies.org:taxname:282959,146561.582312443,77435.6891168995,226714.98351994,0.260753005639477
2017,138,107,164711,222,GADUS MACROCEPHALUS,PACIFIC COD,MORUE DU PACIFIQUE,urn:lsid:marinespecies.org:taxname:254538,1554447.49145988,754401.849451795,2792019.0931815,0.339468935641812
2017,138,25,164792,225,MERLUCCIUS PRODUCTUS,PACIFIC HAKE,MERLU DU PACIFIQUE,urn:lsid:marinespecies.org:taxname:272458,367670.253920157,206421.405299645,532090.402780267,0.227464460919219
2017,138,42,164719,226,MICROGADUS PROXIMUS,PACIFIC TOMCOD,POULAMON DU PACIFIQUE,urn:lsid:marinespecies.org:taxname:275873,174345.071725799,52593.3791165813,369021.046305131,0.48870290790647
2017,138,82,934083,228,GADUS CHALCOGRAMMUS,WALLEYE POLLOCK,GOBERGE DE L<92>ALASKA,urn:lsid:marinespecies.org:taxname:300735,1218077.7099028,610714.796987073,2157088.48736572,0.346499976680494
2017,138,5,630999,245,LYCODES PACIFICUS,BLACKBELLY EELPOUT,LYCODE <c0> VENTRE NOIR,urn:lsid:marinespecies.org:taxname:274116,820.806521860517,60.0717672185455,2135.76172296243,0.726250902835609
2017,138,15,630414,361,AMMODYTES PERSONATUS,PACIFIC SAND LANCE,LAN<c7>ON GOURDEAU,urn:lsid:marinespecies.org:taxname:272967,9987.0968601987,3107.16665027724,19558.9548558871,0.42178031750473
2017,138,15,166706,394,SEBASTES ALEUTIANUS/MELANOSTICTUS COMPLEX,ROUGHEYE/BLACKSPOTTED ROCKFISH COMPLEX,COMPLEXE DES S<c9>BASTES <c0> <8c>IL <c9>PINEUX ET <c0> TACHES NOIRES,unknown,18521.9715967626,9228.3191156942,28813.5285142205,0.275493498619415
2017,138,47,166707,396,SEBASTES ALUTUS,PACIFIC OCEAN PERCH,S<c9>BASTE <c0> LONGUE M<c2>CHOIRE,urn:lsid:marinespecies.org:taxname:254573,612787.318709216,114237.770705428,1466201.1283407,0.613357081890338
2017,138,36,166710,401,SEBASTES BABCOCKI,REDBANDED ROCKFISH,S<c9>BASTE <c0> BANDES ROUGES,urn:lsid:marinespecies.org:taxname:274775,329438.775169156,216552.842944521,461532.064666127,0.185205936730019
2017,138,40,166711,405,SEBASTES BREVISPINIS,SILVERGRAY ROCKFISH,S<c9>BASTE ARGENT<c9>,urn:lsid:marinespecies.org:taxname:274778,136134.867008508,87813.7100703138,195166.471797088,0.202896442333125
2017,138,13,166713,407,SEBASTES CAURINUS,COPPER ROCKFISH,S<c9>BASTE CUIVR<c9>,urn:lsid:marinespecies.org:taxname:274780,160702.12281597,18737.317266755,391128.058863209,0.630520318018265
2017,138,12,166717,414,SEBASTES ELONGATUS,GREENSTRIPED ROCKFISH,S<c9>BASTE <c0> RAYURES VERTES,urn:lsid:marinespecies.org:taxname:274788,9288.48176737338,2587.04866527294,17939.6216904692,0.427593832305169
2017,138,23,166720,418,SEBASTES FLAVIDUS,YELLOWTAIL ROCKFISH,S<c9>BASTE <c0> QUEUE JAUNE,urn:lsid:marinespecies.org:taxname:274795,545871.496973173,41010.348591863,1489197.63632982,0.672353932023431
2017,138,44,166726,424,SEBASTES MALIGER,QUILLBACK ROCKFISH,S<c9>BASTE <c0> DOS <c9>PINEUX,urn:lsid:marinespecies.org:taxname:274815,225553.453902,114389.298200723,368156.249996918,0.286769411613318
2017,138,8,166733,435,SEBASTES PAUCISPINIS,BOCACCIO,BOCACCIO,urn:lsid:marinespecies.org:taxname:274833,7796.19611680146,895.407851399806,19874.6012107661,0.683140797383835
2017,138,16,166734,437,SEBASTES PINNIGER,CANARY ROCKFISH,S<c9>BASTE CANARI,urn:lsid:marinespecies.org:taxname:274836,67445.2450148376,14638.3735668942,159136.227212969,0.576981093738085
2017,138,13,166736,439,SEBASTES PRORIGER,REDSTRIPE ROCKFISH,S<c9>BASTE <c0> RAIE ROUGE,urn:lsid:marinespecies.org:taxname:274838,49204.3900418748,6710.35278672279,113949.35940316,0.539322873909403
2017,138,6,166740,442,SEBASTES RUBERRIMUS,YELLOWEYE ROCKFISH,S<c9>BASTE AUX YEUX JAUNES,urn:lsid:marinespecies.org:taxname:274844,21754.4158749245,5577.70567999863,40618.5142583878,0.423140930624119
2017,138,11,166744,450,SEBASTES ZACENTRUS,SHARPCHIN ROCKFISH,S<c9>BASTE <c0> MENTON POINTU,urn:lsid:marinespecies.org:taxname:274869,96997.3236419997,567.745582752121,288457.870875179,0.954561703132231
2017,138,36,166783,451,SEBASTOLOBUS ALASCANUS,SHORTSPINE THORNYHEAD,S<c9>BASTOLOBE <c0> COURTES <c9>PINES,urn:lsid:marinespecies.org:taxname:282740,202614.78688245,113433.294411929,314070.010811124,0.247164075823426
2017,138,77,167123,455,ANOPLOPOMA FIMBRIA,SABLEFISH,MORUE CHARBONNI<c8>RE,urn:lsid:marinespecies.org:taxname:159463,2411183.73230381,1166616.12860463,4097629.61054783,0.301923388827331
2017,138,11,167110,461,HEXAGRAMMOS DECAGRAMMUS,KELP GREENLING,SOURCIL DE VARECH,urn:lsid:marinespecies.org:taxname:240732,32335.1880194551,6624.75968980405,67788.9751790557,0.479840283799698
2017,138,64,167116,467,OPHIODON ELONGATUS,LINGCOD,MORUE-LINGUE,urn:lsid:marinespecies.org:taxname:240745,189704.48734588,118092.225677528,262616.056779959,0.195747358491721
2017,138,45,172716,596,CITHARICHTHYS SORDIDUS,PACIFIC SANDDAB,LIMANDE SORDIDE,urn:lsid:marinespecies.org:taxname:275694,178433.503279916,71269.1837654817,333045.04691897,0.384076745074016
2017,138,103,172862,602,ATHERESTHES STOMIAS,ARROWTOOTH FLOUNDER,PLIE <c0> GRANDE BOUCHE,urn:lsid:marinespecies.org:taxname:279792,11068978.5901469,6555106.89204468,17893728.1833316,0.269158245755951
2017,138,67,172868,607,EOPSETTA JORDANI,PETRALE SOLE,PLIE DE CALIFORNIE,urn:lsid:marinespecies.org:taxname:280690,238573.34521401,162392.877922508,335447.234283301,0.18056143017332
2017,138,105,172978,610,GLYPTOCEPHALUS ZACHIRUS,REX SOLE,PLIE ROYALE,urn:lsid:marinespecies.org:taxname:274287,2498792.74004023,989013.122182272,5262397.41782692,0.525160090028093
2017,138,57,172875,612,HIPPOGLOSSOIDES ELASSODON,FLATHEAD SOLE,PLIE <c0> T<ca>TE PLATE,urn:lsid:marinespecies.org:taxname:274289,556377.539553958,273904.645942806,968431.285823139,0.316397744517132
2017,138,84,172932,614,HIPPOGLOSSUS STENOLEPIS,PACIFIC HALIBUT,FL<c9>TAN DU PACIFIQUE,urn:lsid:marinespecies.org:taxname:274290,1897021.63077986,1208181.7199509,2897428.43959678,0.225415745456044
2017,138,31,172919,619,ISOPSETTA ISOLEPIS,BUTTER SOLE,PLIE <c0> <c9>CAILLES R<c9>GULI<c8>RES,urn:lsid:marinespecies.org:taxname:281189,254831.481288438,115384.316662823,421328.295875978,0.317415518272399
2017,138,72,172917,621,LEPIDOPSETTA BILINEATA,SOUTHERN ROCK SOLE,FAUSSE LIMANDE DU PACIFIQUE,urn:lsid:marinespecies.org:taxname:281305,1538533.3440146,1142361.22318376,2023728.19802182,0.143104416378798
2017,138,36,172871,625,LYOPSETTA EXILIS,SLENDER SOLE,PLIE MINCE,urn:lsid:marinespecies.org:taxname:281452,21099.7394441289,10889.9304488061,32531.807096887,0.262898097961596
2017,138,90,172887,626,MICROSTOMUS PACIFICUS,DOVER SOLE,LIMANDE-SOLE,urn:lsid:marinespecies.org:taxname:274294,3328672.45809779,2019356.80352219,4765107.99643236,0.213980173960035
2017,138,97,172921,628,PAROPHRYS VETULUS,ENGLISH SOLE,CARLOTTIN ANGLAIS,urn:lsid:marinespecies.org:taxname:254393,11524081.1911927,3705541.75894058,25319678.4244418,0.56657922986379
2017,138,15,172893,631,PLATICHTHYS STELLATUS,STARRY FLOUNDER,FLET <c9>TOIL<c9>,urn:lsid:marinespecies.org:taxname:154781,408549.326197844,158319.169458757,708390.424967812,0.351535472822698
2017,138,28,172924,635,PLEURONICHTHYS DECURRENS,CURLFIN SOLE,PLIE <c0> NAGEOIRES FRIS<c9>ES,urn:lsid:marinespecies.org:taxname:282292,89526.4949938995,50441.7200432635,139055.663725944,0.246572194329103
2017,138,33,172928,636,PSETTICHTHYS MELANOSTICTUS,SAND SOLE,SOLE DE SABLE,urn:lsid:marinespecies.org:taxname:282396,370247.112733179,210722.727596681,584111.107464235,0.265471050734885
2019,136,72,160617,44,SQUALUS SUCKLEYI,NORTH PACIFIC SPINY DOGFISH,AIGUILLAT DU PACIFIQUE,urn:lsid:marinespecies.org:taxname:299224,724551.974206763,236002.733930013,1635946.4775661,0.59340934295574
2019,136,23,160848,56,BERINGRAJA BINOCULATA,BIG SKATE,RAIE BIOCELL<c9>E,urn:lsid:marinespecies.org:taxname:1021330,668135.843946211,238551.90436229,1237972.3917009,0.382468010308149
2019,136,18,160937,58,BATHYRAJA INTERRUPTA,SANDPAPER SKATE,RAIE RUGUEUSE,urn:lsid:marinespecies.org:taxname:271515,22198.1588377213,12273.7314583498,32763.0813579619,0.233910589241903
2019,136,45,160851,59,RAJA RHINA,LONGNOSE SKATE,POCHETEAU LONG-NEZ,urn:lsid:marinespecies.org:taxname:271581,226096.44040979,150422.060772922,320882.856166952,0.190197034082235
2019,136,130,161015,66,HYDROLAGUS COLLIEI,SPOTTED RATFISH,CHIM<c8>RE D<92>AM<c9>RIQUE,urn:lsid:marinespecies.org:taxname:271406,8882818.86384702,5263516.2328348,13885119.3435089,0.25071640894063
2019,136,51,551209,96,CLUPEA PALLASII,PACIFIC HERRING,HARENG DU PACIFIQUE,urn:lsid:marinespecies.org:taxname:151159,74761.8405681464,40024.824218927,115500.441636931,0.251653285728078
2019,136,38,162051,148,THALEICHTHYS PACIFICUS,EULACHON,EULAKANE,urn:lsid:marinespecies.org:taxname:282959,11867.0303843983,7665.39077461962,17778.4484937313,0.218114515839374
2019,136,102,164711,222,GADUS MACROCEPHALUS,PACIFIC COD,MORUE DU PACIFIQUE,urn:lsid:marinespecies.org:taxname:254538,1752081.03427327,832278.114963514,3204452.7159846,0.368645390190887
2019,136,18,164792,225,MERLUCCIUS PRODUCTUS,PACIFIC HAKE,MERLU DU PACIFIQUE,urn:lsid:marinespecies.org:taxname:272458,36841.2646012863,12465.9489845469,66386.8027602371,0.376451291150859
2019,136,36,164719,226,MICROGADUS PROXIMUS,PACIFIC TOMCOD,POULAMON DU PACIFIQUE,urn:lsid:marinespecies.org:taxname:275873,84674.888829332,25717.4128382149,188499.305672879,0.498490518144235
2019,136,98,934083,228,GADUS CHALCOGRAMMUS,WALLEYE POLLOCK,GOBERGE DE L<92>ALASKA,urn:lsid:marinespecies.org:taxname:300735,1572772.89983107,748157.54284159,2706654.11754746,0.32279165357539
2019,136,16,630999,245,LYCODES PACIFICUS,BLACKBELLY EELPOUT,LYCODE <c0> VENTRE NOIR,urn:lsid:marinespecies.org:taxname:274116,2068.84339774643,640.749606575462,4066.42134697512,0.427704581168825
2019,136,11,630414,361,AMMODYTES PERSONATUS,PACIFIC SAND LANCE,LAN<c7>ON GOURDEAU,urn:lsid:marinespecies.org:taxname:272967,86773.4223620938,10891.9496139982,206685.417799464,0.579847113999172
2019,136,12,166706,394,SEBASTES ALEUTIANUS/MELANOSTICTUS COMPLEX,ROUGHEYE/BLACKSPOTTED ROCKFISH COMPLEX,COMPLEXE DES S<c9>BASTES <c0> <8c>IL <c9>PINEUX ET <c0> TACHES NOIRES,unknown,27303.4355207299,8447.21436141556,50154.1692408654,0.402954914064782
2019,136,49,166707,396,SEBASTES ALUTUS,PACIFIC OCEAN PERCH,S<c9>BASTE <c0> LONGUE M<c2>CHOIRE,urn:lsid:marinespecies.org:taxname:254573,1511734.46335982,455336.151077915,3141573.30208524,0.453388338241223
2019,136,33,166710,401,SEBASTES BABCOCKI,REDBANDED ROCKFISH,S<c9>BASTE <c0> BANDES ROUGES,urn:lsid:marinespecies.org:taxname:274775,241759.194464366,157154.846305594,336083.706374618,0.188693930254742
2019,136,40,166711,405,SEBASTES BREVISPINIS,SILVERGRAY ROCKFISH,S<c9>BASTE ARGENT<c9>,urn:lsid:marinespecies.org:taxname:274778,653216.506059598,169311.583282891,1478950.54243511,0.550247657033002
2019,136,14,166713,407,SEBASTES CAURINUS,COPPER ROCKFISH,S<c9>BASTE CUIVR<c9>,urn:lsid:marinespecies.org:taxname:274780,341491.708307144,51747.2340700122,803413.754424357,0.566416768994698
2019,136,11,166717,414,SEBASTES ELONGATUS,GREENSTRIPED ROCKFISH,S<c9>BASTE <c0> RAYURES VERTES,urn:lsid:marinespecies.org:taxname:274788,17110.0634979038,6366.54726493182,31345.2552732896,0.384630180845664
2019,136,31,166720,418,SEBASTES FLAVIDUS,YELLOWTAIL ROCKFISH,S<c9>BASTE <c0> QUEUE JAUNE,urn:lsid:marinespecies.org:taxname:274795,385201.754764178,123262.556099491,811113.771164465,0.484104389323228
2019,136,35,166726,424,SEBASTES MALIGER,QUILLBACK ROCKFISH,S<c9>BASTE <c0> DOS <c9>PINEUX,urn:lsid:marinespecies.org:taxname:274815,226502.082091261,104847.946189283,369765.702987715,0.309390505272457
2019,136,21,166733,435,SEBASTES PAUCISPINIS,BOCACCIO,BOCACCIO,urn:lsid:marinespecies.org:taxname:274833,34389.3035717292,15059.1766952263,61841.3715749894,0.357452759070941
2019,136,19,166734,437,SEBASTES PINNIGER,CANARY ROCKFISH,S<c9>BASTE CANARI,urn:lsid:marinespecies.org:taxname:274836,94194.2579122461,27770.7798877428,189303.54159795,0.451682522068009
2019,136,6,166736,439,SEBASTES PRORIGER,REDSTRIPE ROCKFISH,S<c9>BASTE <c0> RAIE ROUGE,urn:lsid:marinespecies.org:taxname:274838,104245.096797177,803.395951064822,268577.365457561,0.722863594415041
2019,136,1,166740,442,SEBASTES RUBERRIMUS,YELLOWEYE ROCKFISH,S<c9>BASTE AUX YEUX JAUNES,urn:lsid:marinespecies.org:taxname:274844,489.146772206727,0,1467.44031662018,1.02866025906416
2019,136,6,166744,450,SEBASTES ZACENTRUS,SHARPCHIN ROCKFISH,S<c9>BASTE <c0> MENTON POINTU,urn:lsid:marinespecies.org:taxname:274869,5837.17708527006,822.813944845189,14351.521679498,0.60249203840134
2019,136,30,166783,451,SEBASTOLOBUS ALASCANUS,SHORTSPINE THORNYHEAD,S<c9>BASTOLOBE <c0> COURTES <c9>PINES,urn:lsid:marinespecies.org:taxname:282740,224061.851096765,129426.077723884,339677.655748171,0.241385634018317
2019,136,77,167123,455,ANOPLOPOMA FIMBRIA,SABLEFISH,MORUE CHARBONNI<c8>RE,urn:lsid:marinespecies.org:taxname:159463,1056480.17532573,482559.195009873,1974111.57634645,0.364612882157728
2019,136,11,167110,461,HEXAGRAMMOS DECAGRAMMUS,KELP GREENLING,SOURCIL DE VARECH,urn:lsid:marinespecies.org:taxname:240732,54413.2654537425,10997.9219653329,119085.678935737,0.510555982144792
2019,136,38,167116,467,OPHIODON ELONGATUS,LINGCOD,MORUE-LINGUE,urn:lsid:marinespecies.org:taxname:240745,240292.205367518,104532.507442192,447370.763819407,0.37643660891467
2019,136,59,172716,596,CITHARICHTHYS SORDIDUS,PACIFIC SANDDAB,LIMANDE SORDIDE,urn:lsid:marinespecies.org:taxname:275694,667107.831485844,325924.037550188,1215671.13248994,0.355786635718479
2019,136,107,172862,602,ATHERESTHES STOMIAS,ARROWTOOTH FLOUNDER,PLIE <c0> GRANDE BOUCHE,urn:lsid:marinespecies.org:taxname:279792,4391791.65250028,3482068.31106354,5411184.20809551,0.108699793228998
2019,136,76,172868,607,EOPSETTA JORDANI,PETRALE SOLE,PLIE DE CALIFORNIE,urn:lsid:marinespecies.org:taxname:280690,329262.95158314,232794.380814572,435373.924621567,0.158696093577625
2019,136,111,172978,610,GLYPTOCEPHALUS ZACHIRUS,REX SOLE,PLIE ROYALE,urn:lsid:marinespecies.org:taxname:274287,3014511.46155215,2136823.96794353,4043825.87360772,0.16493108825371
2019,136,58,172875,612,HIPPOGLOSSOIDES ELASSODON,FLATHEAD SOLE,PLIE <c0> T<ca>TE PLATE,urn:lsid:marinespecies.org:taxname:274289,650170.932544062,373524.834427337,997005.181282956,0.248311766465539
2019,136,84,172932,614,HIPPOGLOSSUS STENOLEPIS,PACIFIC HALIBUT,FL<c9>TAN DU PACIFIQUE,urn:lsid:marinespecies.org:taxname:274290,1298479.20787925,926817.829616463,1699115.38969315,0.150351624132086
2019,136,20,172919,619,ISOPSETTA ISOLEPIS,BUTTER SOLE,PLIE <c0> <c9>CAILLES R<c9>GULI<c8>RES,urn:lsid:marinespecies.org:taxname:281189,119075.208114659,32263.0756909534,222669.711398337,0.413566585092057
2019,136,56,172917,621,LEPIDOPSETTA BILINEATA,SOUTHERN ROCK SOLE,FAUSSE LIMANDE DU PACIFIQUE,urn:lsid:marinespecies.org:taxname:281305,1543847.05919444,1001117.91540166,2298171.39325558,0.215541548854959
2019,136,60,172871,625,LYOPSETTA EXILIS,SLENDER SOLE,PLIE MINCE,urn:lsid:marinespecies.org:taxname:281452,82616.2582963571,43564.5368740745,136590.270958374,0.282985123606944
2019,136,97,172887,626,MICROSTOMUS PACIFICUS,DOVER SOLE,LIMANDE-SOLE,urn:lsid:marinespecies.org:taxname:274294,2801135.0950019,1684080.05402368,4484731.62514336,0.263587439713807
2019,136,86,172921,628,PAROPHRYS VETULUS,ENGLISH SOLE,CARLOTTIN ANGLAIS,urn:lsid:marinespecies.org:taxname:254393,3364733.06142381,2065021.55139647,4920359.69914355,0.215600411013039
2019,136,11,172893,631,PLATICHTHYS STELLATUS,STARRY FLOUNDER,FLET <c9>TOIL<c9>,urn:lsid:marinespecies.org:taxname:154781,311758.489145333,60857.4841372408,739235.099363733,0.642384171635281
2019,136,33,172924,635,PLEURONICHTHYS DECURRENS,CURLFIN SOLE,PLIE <c0> NAGEOIRES FRIS<c9>ES,urn:lsid:marinespecies.org:taxname:282292,92782.9704672533,55328.0390539052,133041.733473042,0.216690797876929
2019,136,25,172928,636,PSETTICHTHYS MELANOSTICTUS,SAND SOLE,SOLE DE SABLE,urn:lsid:marinespecies.org:taxname:282396,135323.868858547,70799.4266958506,221092.068008572,0.289818376445641
