SPEC,COMM,CODE,TSN
SYNAPHOBRANCHUS KAUPI,GRAY'S CUTTHROAT EEL,602,NA
LYCENCHELYS VERRILLI,WOLF EELPOUT,603,NA
NEMICHTHYS SCOLOPACEUS,SNIPE EEL,604,NA
NESSORHAMPHUS INGOLFIANUS,DUCKBILL OCEANIC EEL,607,NA
CONGER OCEANICUS,CONGER EEL,608,NA
AMMODYTES DUBIUS,NORTHERN SAND LANCE,610,NA
AMMODYTES SP.,SAND LANCE (NS),611,NA
DERICHTHYS SERPENTINUS,DERICHTHYS SERPENTINUS,612,NA
SERRIVOMER BEANI,STOUT SAWPALATE,613,NA
EURYPHARYNX PELECANOIDES,PELICAN GULPER,614,NA
LIPOGENYS GILLII,BACKFIN TAPIRFISH,615,NA
GYMNELIS VIRIDIS,FISH DOCTOR,616,NA
LYCENCHELYS PAXILLUS,COMMON WOLF EEL,617,NA
LYCODES TERRAENOVA,"EELPOUT,NEWFOUNDLAND",619,NA
LYCODES LAVALAEI,LAVAL'S EELPOUT,620,NA
PHOLIS GUNNELLUS,ROCK GUNNEL(EEL),621,NA
LUMPENUS LUMPRETAEFORMIS,SNAKE BLENNY,622,NA
LUMPENUS MACULATUS,DAUBED SHANNY,623,NA
STICHAEUS PUNCTATUS,ARCTIC SHANNY,624,NA
ULVARIA SUBBIFURCATA,RADIATED SHANNY,625,NA
EUMESOGRAMMUS PRAECISUS,4-LINE SNAKE BLENNY,626,NA
LYCODES PALLIDUS,PALE EELPOUT,627,NA
LYCODES POLARIS,POLAR EELPOUT,628,NA
CRYPTACANTHODES MACULATUS,WRYMOUTH,630,NA
LUMPENUS FABRICII,SLENDER EELBLENNY,631,NA
LUMPENUS MEDIUS,STOUT EELBLENNY,632,NA
PHOLIS FASCIATA,BANDED GUNNEL,633,NA
CALLIONYMIDAE F.,DRAGONETS,635,NA
FOETOREPUS AGASSIZI,SPOTFIN DRAGONET,637,NA
STICHAEIDAE F.,PRICKLEBACKS,639,NA
ZOARCES AMERICANUS,OCEAN POUT,640,NA
LYCODES RETICULATUS,ARCTIC EELPOUT,641,NA
LYCODES SP.,EELPOUTS(NS),642,NA
LYCODES ESMARKI,VACHON'S EELPOUT,643,NA
BLENNIOIDEI S.O.,"BLENNIES,SHANNIES,GUNNELS",644,NA
MELANOSTIGMA ATLANTICUM,ATLANTIC SOFT POUT,646,NA
LYCODES VAHLII,SHORTTAILED EELPOUT(VAHL),647,NA
ANGUILLIDAE F.,EEL-UNIDENTIFIED,648,NA
OPHIDIIDAE,CUSK-EELS INCLUDES BROTULIDAE F.,649,NA
LEPOPHIDIUM PROFUNDORUM,FAWN CUSK EEL,650,NA
SERRIVOMER SP.,SERRIVOMER SP.,656,NA
NOTACANTHIDAE F.,SPINY EELS (NS),662,NA
MYCTEROPERCA SP.,SEA BASSES,664,NA
MELANOSTOMIATIDAE (STOMIATIDAE) F.,"DRAGONFISHES,SMOOTH",665,NA
EPIGONUS DENTICULATUS,EPIGONUS DENTICULATUS,677,NA
VINCIGUERRIA NIMBARIA,VINCIGUERRIA NIMBARIA,684,NA
OGCOCEPHALIDAE F.,BATFISHES,694,NA
ARGYROPELECUS ACULEATUS,"HATCHETFISH, ATLANTIC SILVER",700,NA
PEPRILUS TRIACANTHUS,BUTTERFISH,701,NA
ZENOPSIS OCELLATA,AMERICAN JOHN DORY,704,NA
ARGYROPELECUS GIGAS,ARGYROPELECUS GIGAS,705,NA
POLYIPNUS CLARUS,"HATCHETFISH,SLOPE",708,NA
STERNOPTYX DIAPHANA,TRANSPARENT HATCHETFISH,709,NA
ALEPISAURUS FEROX,LONGNOSE LANCETFISH,710,NA
PARALEPIS ATLANTICA,SHORT BARRACUDINA,711,NA
NOTOLEPIS RISSOI,WHITE BARRACUDINA,712,NA
PARALEPIDIDAE F.,"BARRACUDINA,UNIDENTIFIED",713,NA
BENTHODESMUS SIMONYI,SIMONYI'S FROSTFISH,714,NA
BOROSTOMIAS ANTARCTICUS,STRAIGHTLINE DRAGONFISH,716,NA
GRAMMATOSTOMIAS DENTATUS,TORPEDO DRAGONFISH,717,NA
SCOMBERESOX SAURUS,"ATLANTIC SAURY,NEEDLEFISH",720,NA
ALEPOCEPHALUS BAIRDII,BAIRDS SMOOTHEAD,724,NA
XENODERMICHTHYS COPEI,ATLANTIC GYMNAST,725,NA
OMOSUDIS LOWEI,OMOSUDIS LOWEI,729,NA
MOLA MOLA,OCEAN SUNFISH,730,NA
ALEPISAURUS BREVIROSTRIS,SHORTNOSE LANCETFISH,731,NA
ANOTOPTERUS PHARAO,DAGGERTOOTH,732,NA
POLYACANTHONOTUS RISSOANUS,SHORTSPINE TAPIRFISH,739,NA
NOTACANTHUS CHEMNITZII,SPINY EEL,740,NA
STERNOPTYCHIDAE F.,UNIDENTIFIED HATCHETFISH,741,NA
DIBRANCHUS ATLANTICUS,ATLANTIC BATFISH,742,NA
HYPEROGLYPHE PERCIFORMIS,AMERICAN BARRELFISH,743,NA
POLYMIXIA NOBILIS,STOUT BEARD FISH,744,NA
GONOSTOMATIDAE F. (NS),ANGLEMOUTH,745,NA
SPHOEROIDES MACULATUS,NORTHERN PUFFER,746,NA
CONOCARA SALMONEA,SLICKHEAD,749,NA
HOWELLA BRODIEI,CARDINALFISH,750,NA
CYCLOTHONE SP.,ANGLEMOUTH (NS),755,NA
LOBIANCHIA DOFLEINI,DOFLEINS LANTERNFISH,758,NA
ONEIRODES SP.,ONEIRODES SP.,768,NA
POLYMIXIA LOWEI,BEARDFISH,771,NA
ANOPLOGASTER CORNUTA,OGREFISH,774,NA
BERYX DECADACTYLUS,ALFONSIN A CASTA LARGA,775,NA
GRAMMICOLEPIS BRACHIUSCULUS,THORNY TINSELFISH,777,NA
HIPPOCAMPUS ERECTUS,LINED SEAHORSE,779,NA
APHANOPUS CARBO,BLACK SCABBARDFISH,784,NA
ARIOMMA BONDI,SILVER-RAG,785,NA
SCOPELOGADUS BEANII,BEANS BLUEBACK,795,NA
MELAMPHAES MICROPS,MELAMPHAES MICROPS,798,NA
POROMITRA CRASSICEPS,POROMITRA CRASSICEPS,800,NA
SYMPHURUS SP.,TONGUEFISH,805,NA
MYCTOPHIFORMES O.,MYCTOPHIFORMES,811,NA
BATHYSAURUS FEROX,BATHYSAURUS FEROX,814,NA
SYMPHURUS DIOMEDEANUS,TONGUE FISH,816,NA
MALACOSTEIDAE F.,LOOSEJAWS (NS),819,NA
CUBICEPS PAUCIRADIATUS,CUBICEPS PAUCIRADIATUS,820,NA
SPHOEROIDES SP.,PUFFER,827,NA
SAURIDA BRASILIENSIS,"LIZARDFISH,LARGESCALE",833,NA
HALIEUTICHTHYS ACULEATUS,"BATFISH,SPINY",844,NA
LYCODES EUDIPLEUROSTICTUS,EELPOUT (NS),845,NA
MELANOSTOMIAS SP.,MELANOSTOMIAS SP.,859,NA
DICROLENE INTRONIGER,DICROLENE INTRONIGER,862,NA
BATHYPTEROIS QUADRIFILIS,BATHYPTEROIS QUADRIFILIS,863,NA
ALDROVANDIA PHALACRA,ALDROVANDIA PHALACRA,865,NA
XENOLEPIDICHTHYS DALGLEISHI,SPOTTED TINSELFISH,866,NA
PARALIPARIS CALIDUS,SEASNAIL,868,NA
PARALIPARIS GARMANI,SEASNAIL,869,NA
EPIGONUS SP.,EPIGONUS SP.,878,NA
ARTEDIELLUS ATLANTICUS,"HOOKEAR SCULPIN,ATL.",880,NA
GONOSTOMA BATHYPHILUM,GONOSTOMA BATHYPHILUM,883,NA
CHIASMODON BOLANGERI,CHIASMODON BOLANGERI,887,NA
LAMPRIFORMES,LAMPRIFORMES,891,NA
PHOCIDAE F.,SEALS (NS),900,NA
CHIASMODON SP.,CHIASMODON SP.,909,NA
HOLTBYRNIA ANOMALA,HOLTBYRNIA ANOMALA,914,NA
CAREPROCTUS RANULA,SCOTIAN SNAILFISH,924,NA
ARGYROPELECUS SP.,ARGYROPELECUS SP.,928,NA
DIPLOPHOS MADERENSIS,DIPLOPHOS MADERENSIS,935,NA
POLYMETME CORYTHAEOLA,POLYMETME CORYTHAEOLA,942,NA
APRISTURUS LAURUSSONI,APRISTURUS LAURUSSONI,947,NA
BOROSTOMIAS  SP.,"DRAGONFISH,BIGHEAD (NS)",949,NA
ROULEINA MADERENSIS,SMOOTHHEAD,963,NA
RAJA GARMANI,"SKATE,ROSETTE",967,NA
ALEPOCEPHALUS SP.,ALEPOCEPHALUS SP.,979,NA
APRISTURUS SP.,APRISTURUS SP.,983,NA
EGGS UNID.,EGGS UNID.,1100,NA
FISH EGGS-UNIDENTIFIED,FISH EGGS-UNIDENTIFIED,1200,NA
RAJA EGGS,SKATE UNID. EGGS,1224,NA
HYPPOLYTID EGGS,HIPPOLYTID EGGS,1312,NA
MOLLUSCA EGGS,MOLLUSC EGGS UNID.,1500,NA
BUCCINIDAE EGGS,WHELK EGGS (NS),1510,NA
GASTEROPODA EGGS,SNAIL/SLUG EGGS,1511,NA
CEPHALOPODA UNID. EGGS,SQUID EGGS,1530,NA
INVERTEBRATE EGGS,INVERTEBRATE EGGS,1600,NA
MARINE INVERTEBRATA (NS),MARINE INVERTEBRATES (NS),1701,NA
PROTOCHORDATA SP.,PROTOCHORDATA SP.,1800,NA
TUNICATA S.P.,TUNICATA S.P.,1810,NA
MOLGULIDAE F.,MOLGULIDAE F.,1815,NA
ASCIDIA SP.,SEA SQUIRTS,1821,NA
BOLTENIA SP.,SEA POTATO,1823,NA
MOLGULA MANHATTENSIS,SEA GRAPES,1826,NA
HALOCYNTHIA PYRIFORMIS,SEA PEACH,1827,NA
SALPIDAE F.,SALPIDAE F.,1840,NA
BRYOZOANS P.,BRYOZOANS P.,1900,NA
BRYOZOANS ECTOPROCTA P.,BRYOZOANS ECTOPROCTA,1920,NA
BRYOZOANS BRACHIOPODA P.,LAMPSHELLS,1930,NA
TEREBRATULINA SP.,TEREBRATULINA SP.,1932,NA
CRUSTACEA C.,CRUSTACEA C.,2000,NA
CRUSTACEA LARVAE,CRUSTACEA LARVAE,2001,NA
DECAPODA O.,SHRIMPS,2100,NA
PANDALIDAE F.,PANDALIDAE F.,2200,NA
PANDALUS SP.,PANDALUS SP.,2210,NA
PANDALUS BOREALIS,PANDALUS BOREALIS,2211,NA
PANDALUS MONTAGUI,PANDALUS MONTAGUI,2212,NA
ATLANTOPANDALUS PROPINQVUS,ATLANTOPANDALUS PROPINQUUS,2213,NA
DICHELOPANDALUS LEPTOCERUS,DICHELOPANDALUS LEPTOCERUS,2214,NA
PASIPHAEIDAE F.,PASIPHAEIDAE F.,2219,NA
PASIPHAEA TARDA,PASIPHAEA TARDA,2220,NA
PASIPHAEA MULTIDENTATA,PASIPHAEA MULTIDENTATA,2221,NA
SPIRONTOCARIS SP.,SPIRONTOCARIS,2310,NA
SPIRONTOCARIS FABRICII (OBSOLETE),SPIRONTOCARIS FABRICI,2311,NA
LEBBEUS POLARIS,LEBBEUS POLARIS,2312,NA
SPIRONTOCARIS LILJEBORGII,SPIRONTOCARIS LILJEBORGII,2313,NA
SPIRONTOCARIS PHIPPSII,SPIRONTOCARIS PHIPPSII,2315,NA
SPIRONTOCARIS SPINUS,SPIRONTOCARIS SPINUS,2316,NA
LEBBEUS GROENLANDICUS,LEBBEUS GROENLANDICUS,2319,NA
LEBBEUS SP.,LEBBEUS SP.,2320,NA
EUALUS SP.,EUALUS SP.,2330,NA
EUALUS MACILENTUS,EUALUS MACILENTUS,2331,NA
EUALUS FABRICII,EUALUS FABRICII,2332,NA
EUALUS GAIMARDII,EUALUS GAIMARDII,2333,NA
CRANGONIDAE F.,CRANGONIDAE   F.,2400,NA
ARGIS DENTATA,ARGIS DENTATA,2411,NA
SCLEROCRANGON BOREAS,SCLEROCRANGON BOREAS,2414,NA
PONTOPHILUS NORVEGICUS,PONTOPHILUS NORVEGICUS,2415,NA
CRANGON SP.,CRANGON SP.,2416,NA
CRANGON SEPTEMSPINOSA,CRANGON SEPTEMSPINOSA,2417,NA
SABINEA SP.,SABINEA SP.,2420,NA
SABINEA SEPTEMCARINATA,SABINEA SEPTEMCARINATA,2421,NA
BRACHYURA S.,BRACHIURAN CRABS,2510,NA
CANCER BOREALIS,JONAH CRAB,2511,NA
CANCER IRRORATUS,ATLANTIC ROCK CRAB,2513,NA
PORTUNIDAE F.,PORTUNIDAE F.,2515,NA
MAJIDAE F.,SPIDER CRAB (NS),2519,NA
HYAS SP.,"TOAD CRAB,UNIDENT.",2520,NA
HYAS COARCTATUS,HYAS COARCTATUS,2521,NA
CHIONOECETES SP. (OBSOLETE),"SPIDER/(QUEEN,SNOW)UNID",2522,NA
LITHODES MAJA,NORTHERN STONE CRAB,2523,NA
CANCER SP.,CANCER SP.,2524,NA
LITHODES/NEOLITHODES,SPINY CRAB,2525,NA
CHIONOECETES OPILIO,SNOW CRAB (QUEEN),2526,NA
HYAS ARANEUS,TOAD CRAB,2527,NA
NEOLITHODES GRIMALDII,PORCUPINE CRAB,2528,NA
CALAPPA MEGALOPS,CALAPPA MEGALOPS,2529,NA
CHACEON QUINQUEDENS,RED DEEPSEA CRAB,2532,NA
AXIIDAE F.,AXIIDAE F.,2540,NA
AXIUS SERRATUS,AXIUS SERRATUS,2541,NA
HOMARUS AMERICANUS,AMERICAN LOBSTER,2550,NA
GALATHEIDAE F.,GALATHEIDAE F.,2554,NA
MUNIDA IRIS,MUNIDA IRIS,2555,NA
MUNIDA VALIDA,MUNIDA VALIDA,2556,NA
PAGURUS POLITUS,PAGURUS POLITUS,2558,NA
PAGURIDAE F.,HERMIT CRABS,2559,NA
PAGUROIDEA S.F.,PAGUROIDEA S.F.,2560,NA
PAGURUS SP.,PAGURUS SP.,2561,NA
PAGURUS ACADIANUS,PAGURUS ACADIANUS,2562,NA
THALASSINIDAE S.F.,MUD SHRIMP,2565,NA
MUNIDOPSIS CURVIROSTRA,MUNIDOPSIS CURVIROSTRA,2566,NA
PAGURUS ARCUATUS,PAGURUS ARCUATUS,2568,NA
EUPHAUSIACEA O.,KRILL SHRIMP,2600,NA
EUPHAUSIIDAE F.,EUPHAUSIIDAE F.,2610,NA
"CTENOPHORES,COELENTERATES,PORIFERA P.","CTENOPHORES,COELENTERATES,PORIFERA",8000,NA
CTENOPHORA P.,COMB JELLIES,8100,NA
COELENTERATA P.,COELENTERATA P.,8200,NA
ACTINIARIA O.,ANTHOZOA SEA ANEMONES,8208,NA
ANTHOZOA C.,SEA ANEMONE,8300,NA
METRIDIUM SENILE,METRIDIUM SENILE,8311,NA
STOMPHIA COCCINEA,STOMPHIA COCCINEA,8313,NA
TEALIA  FELINA,TEALIA  FELINA,8315,NA
HORMATHIA SP.,HORMATHIA SP.,8316,NA
BOLOCERA SP.,BOLOCERA SP.,8317,NA
PENNATULACEA,SEA PEN,8318,NA
PACHYCERIANTHUS BOREALIS,PACHYCERIANTHUS BOREALIS,8320,NA
PRIMNOA RESEDAEFORMIS,SEA CORN,8322,NA
PARAGORGIA ARBOREA,BUBBLE GUM CORAL,8323,NA
HYDROZOA C.,HYDROZOA C.,8400,NA
SERTULARIA SP.,GARLAND HYDROIDS,8405,NA
SCYPHOZOA C.,JELLYFISHES,8500,NA
CYANEA CAPILLATA,PINK JELLYFISH,8511,NA
PELAGIA NOCTILUCA,JELLYFISH,8520,NA
PORIFERA P.,SPONGES,8600,NA
POLYMASTIA SP.,POLYMASTIA SP.,8610,NA
HALICLONA SP.,HALICLONA SP.,8618,NA
HALICLONA OCULATA,EYED SPONGE,8621,NA
SIPHONOPHORA O.,SIPHONOPHORA O.,8700,NA
STONES AND ROCKS,STONES AND ROCKS,9200,NA
THALLOPHYTA C.,"SEAWEED,(ALGAE),KELP",9300,NA
FUCUS SP.,BROWN ROCKWEED,9301,NA
ULVA SP.,SEA LETTUCE,9302,NA
PHAEOPHYCEAE C.,BROWN SEAWEEDS,9303,NA
"FOREIGN ARTICLES,GARBAGE","FOREIGN ARTICLES,GARBAGE",9400,NA
HOPLOSTETHUS ATLANTICUS,ORANGE ROUGHY,1006,NA
UNIDENTIFIED,FIRST UNIDENTIFIED PER SET,9991,NA
UNIDENTIFIED,SECOND UNIDENTIFIED PER SET,9992,NA
UNIDENTIFIED,THIRD UNIDENTIFIED PER SET,9993,NA
UNIDENTIFIED,FOURTH UNIDENTIFIED PER SET,9994,NA
UNIDENTIFIED,FIFTH UNIDENTIFIED PER SET,9995,NA
UNIDENTIFIED,SIXTH UNIDENTIFIED PER SET,9996,NA
UNIDENTIFIED,SEVENTH UNIDENTIFIED PER SET,9997,NA
UNIDENTIFIED,EIGHTH UNIDENTIFIED PER SET,9998,NA
RESERVED,RESERVED,9999,NA
NEZUMIA SP.,NEZUMIA SP.,1013,NA
ROULEINA ATTRITA,ROULEINA ATTRITA,1017,NA
ILYOPHIS SP,ILYOPHIS SP,1024,NA
VENEFICA PROCERA,VENEFICA PROCERA,1025,NA
HALOSAUROPSIS MACROCHIR,HALOSAUROPSIS MACROCHIR,1028,NA
ALDROVANDIA SP,ALDROVANDIA SP,1029,NA
ALDROVANDIA AFFINIS,ALDROVANDIA AFFINIS,1030,NA
BATHYTROCTES MICROLEPIS,BATHYTROCTES MICROLEPIS,1032,NA
BATHYPTEROIS SP.,BATHYPTEROIS SP.,1037,NA
BATHYPTEROIS GRALLATOR,BATHYPTEROIS GRALLATOR,1038,NA
BATHYPTEROIS LONGIPES,BATHYPTEROIS LONGIPES,1039,NA
LAEMONEMA SP.,LAEMONEMA SP.,1041,NA
NEOCYTTUS HELGAE,BLACK OREO,1050,NA
ROULEINA SP.,ROULEINA SP.,1052,NA
UNIDENTIFIED A,UNIDENTIFIED SPECIES,1091,NA
UNIDENTIFIED B,UNIDENTIFIED SPECIES,1092,NA
UNIDENTIFIED C,UNIDENTIFIED SPECIES,1093,NA
UNIDENTIFIED D,UNIDENTIFIED SPECIES,1094,NA
UNIDENTIFIED E,UNIDENTIFIED SPECIES,1095,NA
PARALEPIS ATLANTICA KROYER,DUCKBILL BARRACUDINA,1054,NA
STEREOMASTIS SCULPTA,STEREOMASTIS SCULPTA,1056,NA
MEGANYCTIPHANES NORVEGICA,Northern Krill,2611,NA
EUPHAUSIA SP.,EUPHAUSIA SP.,2612,NA
THYSANOESSA RASCHII,THYSANOESSA RASCHII,2621,NA
MYSIDACEA O.,MYSID SHRIMP,2700,NA
AMPHIPODA O.,AMPHIPODA O.,2800,NA
HYPERIA OCULATA,AMPHIPOD,2802,NA
ARRHIS PHYLLONIX,AMPHIPODS,2803,NA
PARATHEMISTO SP.,PARATHEMISTO SP.,2809,NA
HYPERIA SP.,HYPERIA SP.,2810,NA
GAMMARIDAE F.,GAMMARIDAE F.,2811,NA
ANONYX SP.,ANONYX SP.,2833,NA
ANONYX SARSI,ANONYX SARSI,2844,NA
RHACHOTROPIS ACULEATA,RHACHOTROPIS ACULEATA,2848,NA
AMPELISCA MACROCEPHALA,AMPHIPOD,2864,NA
NYMPHON SP.,NYMPHON SP.,2893,NA
COPEPODA S.C.,COPEPODA S.C.,2900,NA
HYPERIIDAE F.,HYPERIIDAE F.,2906,NA
MONSTRILLA SP.,COPEPOD,2908,NA
OITHONA SPINIROSTRIS,OITHONA SPINIROSTRIS,2930,NA
TANAIDAE F.,TANAIDAE F.,2940,NA
PHRONIMA SP.,PHRONIMA SP.,2946,NA
ISOPODA O.,RED ISOPOD,2980,NA
AEGA PSORA,AEGA PSORA,2981,NA
CIRRIPEDIA S.C.,BARNACLES,2990,NA
BALANIDAE F.,BALANIDAE F.,2995,NA
CALATHURA BRANCHIATA,ISOPOD,2999,NA
ANNELIDA P.,SEGMENTED WORMS,3000,NA
EUNICIDAE F.,EUNICIDAE F.,3085,NA
POLYCHAETA C.,BRISTLE WORMS,3100,NA
"POLYCHAETA C.,LARGE","LARGE POLYCHAETE, 3MM DIA",3101,NA
"POLYCHAETA C.,SMALL",SMALL POLYCHAETE )3MM DIA,3102,NA
NEPHTYS SP.,NEPHTYS SP.,3104,NA
NEPHTYIDAE F.,NEPHTYIDFAE F.,3115,NA
NEREIS SP.,NEREIS SP.,3130,NA
SABELLIDAE F.,SABELLIDAE F.,3138,NA
MALDANIDAE F.,FILAMENT TUBE WORM,3143,NA
PECTINARIA SP.,PECTINARIA SP.,3144,NA
POTAMILLA NEGLECTA,FAN WORM,3147,NA
NEREIDAE F.,NEREIDAE F.,3150,NA
OPHELIA SP.,OPHELIA SP.,3159,NA
TEREBELLIDAE F.,TEREBELLIDAE F.,3160,NA
ARENICOLA MARINA,LUGWORM,3161,NA
SPIONIDA F.,SPIONIDA F.,3164,NA
APHRODITA HASTATA,SEA MOUSE,3200,NA
APHRODITIDAE F.,APHRODITIDAE F.,3210,NA
APHRODITA SP.,APHRODITA SP.,3212,NA
CHONE SP.,CHONE SP.,3221,NA
GEPHYREA (SIPUNCULA) P.,GEPHYREA (SIPUNCULA),3300,NA
POLYNOIDAE F.,POLYNOIDAE F.,3500,NA
LEPIDONOTUS SQUAMATUS,LEPIDONOTUS SQUAMATUS,3501,NA
HARMOTHOE SP.,HARMOTHOE SP.,3503,NA
HARMOTHOE EXTENUATA,HARMOTHOE EXTENUATA,3505,NA
GLYCERA SP.,BLOOD WORMS,3550,NA
GLYCERA CAPITATA,BLOOD WORM,3551,NA
HETEROPODA,"SEA SNAILS,SEA BUTTERFLIES, PTEROPODA",3600,NA
MOLLUSCA P.,MOLLUSCA P.,4000,NA
GASTROPODA O.,SNAILS AND SLUGS,4200,NA
BUCCINIDAE F.,BUCCINIDAE F.,4209,NA
BUCCINUM SP.,WHELKS,4210,NA
BUCCINUM UNDATUM,"WAVE WHELK,COMMON EDIBLE",4211,NA
BUCCINUM SCALARIFORME,SILKY BUCCINUM,4212,NA
EUSPIRA HEROS,NORTHERN MOONSNAIL,4221,NA
MARGARITES COSTALIS,MARGARITES COSTALIS,4224,NA
MARGARITES GROENLANDICA,MARGARITES GROENLANDICA,4225,NA
NEPTUNEA DECEMCOSTATA,NEW ENGLAND NEPTUNE,4227,NA
COLUS SP.,SPINDLE SHELL,4228,NA
APORRHAIS SP.,DUCK OR PELICAN FOOT,4230,NA
NUCELLA LAPILLUS,NUCELLA LAPILLUS,4231,NA
NASSA BIVITTATA,NASSA BIVITTATA,4233,NA
LITTORINIDAE F.,PERIWINKLES,4250,NA
VELUTINA LAEVIGATA,VELVET SHELL,4252,NA
TROCHIDAE F.,TOP SHELLS,4255,NA
CALLIOSTOMA OCCIDENTALE,CALLIOSTOMA OCCIDENTALE,4259,NA
AMAUROPSIS ISLANDICA,AMAUROPSIS ISLANDICA,4260,NA
BIVALVIA C.,BIVALVIA C.,4300,NA
ARCTICA ISLANDICA,OCEAN QUAHAUG,4304,NA
PANDORA GOULDIANA,PANDORA GOULDIANA,4305,NA
ASTARTE UNDATA,ASTARTE UNDATA,4307,NA
NUCULA SP.,NUCULA SP.,4308,NA
"PROTOBRANCHIA, HETERODONTA",CLAMS (NS),4310,NA
VENUS MERCENARIA (OBSOLETE),QUAHAUG,4311,NA
CYRTODARIA SILIQUA,BANK CLAM,4312,NA
PITAR MORRHUANA,MORRHUA VENUSNA,4314,NA
SILIQUA SP.,RAZOR CLAM,4315,NA
ASTARTE SP.,ASTARTE SP.,4316,NA
SPISULA SOLIDISSIMA,"BAR,SURF CLAM",4317,NA
MYA ARENARIA,SOFT SHELL CLAM,4318,NA
HIATELLA ARCTICA,SOFT SHELL OR LONG NECK CLAM,4319,NA
PECTINIDAE F.,SCALLOPS,4320,NA
PLACOPECTEN MAGELLANICUS,SEA SCALLOP,4321,NA
CHLAMYS ISLANDICA,ICELAND SCALLOP,4322,NA
MERCENARIA MERCENARIA,HARD CLAM,4323,NA
ANOMIIDAE F.,ANOMIIDAE F.,4328,NA
MYTILIDAE F.,MUSSELS (NS),4330,NA
MYTILUS EDULIS,COMMON MUSSELS,4331,NA
MODIOLUS MODIOLUS,HORSE MUSSELS,4332,NA
MUSCULUS NIGER,MUSCULUS NIGER,4334,NA
CARDIIDAE F.,COCKLES,4340,NA
CLINOCARDIUM CILIATUM,ICELAND COCKLE,4342,NA
SERRIPES GROENLANDICUS,GREENLAND COCKLE,4343,NA
VENERICARDIA BOREALIS,HEART SHELL,4344,NA
CERASTODERMA PINNULATUM,NORTHERN DWARF COCKLE,4345,NA
SOLEMYA BOREALIS,SOLEMYA BOREALIS,4346,NA
NUCULIDAE F.,NUT SHELLS,4350,NA
MACTROMERIS POLYNYMA,"STIMPSON'S SURF CLAM, ARCTIC SURF CLAM",4355,NA
YOLDIA SAPOTILLA,YOLDIA SAPOTILLA,4356,NA
ANOMIA SIMPLEX,ANOMIA SIMPLEX,4380,NA
ANOMIA SP.,ANOMIA SP.,4381,NA
NUDIBRANCHIA O.,SEA SLUGS,4400,NA
DENDRONOTUS SP.,BUSHY BACKSLUG,4410,NA
SCAPHANDER PUNCTOSTRIATUS,GIANT CANOE BUBBLE,4431,NA
CEPHALOPODA C.,CEPHALOPODA C.,4500,NA
OMMASTREPHIDAE F.,OMMASTREPHIDAE F.,4510,NA
ILLEX ILLECEBROSUS,SHORT-FIN SQUID,4511,NA
LOLIGO PEALEII,"LONGFIN SQUID, LONGFIN INSHORE SQUID",4512,NA
"LOLIGINIDAE,OMMASTREPHIDAE F.",SQUID (NS),4514,NA
ILLEX SP.,ILLEX SP.,4515,NA
INCIRRINA S.O.,OCTOPUS,4520,NA
OCTOPODA O.,OCTOPUS,4521,NA
SEMIROSSIA TENERA,SEMIROSSIA TENERA,4522,NA
STAUROTEUTHIDAE F.,STAUROTEUTHIDAE F.,4527,NA
OCTOPODIDAE F.,OCTOPODIDAE F.,4529,NA
SEPIOLODAE F.,BOBTAIL SQUID,4536,NA
PYROTEUTHIS SP.,PYROTEUTHIS SP.,4560,NA
GONATIDAE F.,GONATIDAE F.,4568,NA
GONATUS SP.,GONATUS SP.,4569,NA
HISTIOTEUTHIDAE F.,HISTIOTEUTHIDAE F.,4574,NA
HISTIOTEUTHIS REVERSA,HISTIOTEUTHIS REVERSA,4580,NA
MASTIGOTEUTHIS SP.,MASTIGOTEUTHIS SP.,4584,NA
TAONIINAE S.F.,TAONIINAE S.F.,4590,NA
POLYPLACOPHORA C.,CHITONS,4700,NA
PYCNOGONIDA S.P.,SEA SPIDER,5100,NA
PYCNOGONIDAE O.,PYCNOGONIDAE O.,5101,NA
PYCNOGONUM LITTORALE,ANEMONE SEA SPIDER,5102,NA
ARCHAEOGASTROPODA O.,LIMPET (NS),5200,NA
ECHINODERMATA P.,SPINY SKINNED ANIMALS,6000,NA
BATHYNECTES MARAVIGNA (SUPERBUS),PORTUNID CRABS,6006,NA
ASTEROIDEA S.C.,ASTEROIDEA S.C.,6100,NA
ASTERIAS SP.,ASTERIAS SP.,6110,NA
ASTERIAS RUBENS,ASTERIAS RUBENS,6111,NA
LEPTASTERIAS POLARIS,LEPTASTERIAS POLARIS,6113,NA
CTENODISCUS CRISPATUS,MUD STAR,6115,NA
HIPPASTERIA PHRYGIANA,HIPPASTERIA PHRYGIANA,6117,NA
HENRICIA SANGUINOLENTA,BLOOD STAR,6119,NA
SOLASTER ENDECA,PURPLE SUNSTAR,6121,NA
CROSSASTER PAPPOSUS,SPINY SUNSTAR,6123,NA
PTERASTER MILITARIS,PTERASTER MILITARIS,6125,NA
PORANIOMORPHA HISPIDA,PORANIOMORPHA HISPIDA,6129,NA
PORANIOMORPHA BOREALIS,PORANIOMORPHA BOREALIS,6130,NA
DIPLOPTERASTER MULTIPES,DIPLOPTERASTER MULTIPES,6131,NA
PONTASTER SP.,PONTASTER SP.,6133,NA
LEPTASTERIAS TENERA,SLENDER ARMED SEA STAR,6134,NA
ASTROTECTEN DUPLICATUS,ASTROTECTEN DUPLICATUS,6135,NA
OPHIUROIDEA S.C.,BRITTLE STAR,6200,NA
OPHIOPHOLIS ACULEATA,DAISY,6211,NA
OPHIURA SP.,OPHIURA SP.,6212,NA
OPHIURA SARSI,OPHIURA SARSI,6213,NA
"GORGONOCEPHALIDAE,ASTERONYCHIDAE F.",BASKET STARS,6300,NA
GORGONOCEPHALUS SP.,GORGONOCEPHALUS SP.,6310,NA
ECHINOIDEA C.,"SAND DOLLARS,URCHINS (NS)",6397,NA
STRONGYLOCENTROTUS SP.,SEA URCHINS,6400,NA
STRONGYLOCENTROTUS DROEBACHIENSIS,SEA URCHIN (GREEN),6411,NA
BRISASTER FRAGILIS,HEART URCHIN,6413,NA
ARBACIA PUNCTULATA,PURPLE-SPINED SEA URCHIN,6421,NA
CLYPEASTEROIDA O.,SAND DOLLARS,6500,NA
ECHINARACHNIUS PARMA,ECHINARACHNIUS PARMA,6511,NA
HOLOTHUROIDEA C.,HOLOTHUROIDEA C.,6600,NA
CUCUMARIA FRONDOSA,SEA CUCUMBER (COMMON),6611,NA
PSOLUS SP.,PSOLUS SP.,6710,NA
PSOLUS FABRICII,SCARLETT PSOLUS,6713,NA
PSOLUS PHANTAPUS,PSOLUS PHANTAPUS,6715,NA
MOLPADIA SP.,MOLPADIA SP.,6718,NA
CHIRIDOTA LAEVIS,CHIRIDOTA LAEVIS,6719,NA
CRINOIDEA C.,SEA LILIES,6900,NA
"PARASITES,ROUND WORMS","PARASITES,ROUND WORMS",7000,NA
NEMATODA C.,NEMATODA C.,7100,NA
TURBELLARIA C.,TURBELLARIA C.,7500,NA
GADUS MORHUA,COD(ATLANTIC),10,NA
MELANOGRAMMUS AEGLEFINUS,HADDOCK,11,NA
UROPHYCIS TENUIS,WHITE HAKE,12,NA
UROPHYCIS CHUSS,SQUIRREL OR RED HAKE,13,NA
MERLUCCIUS BILINEARIS,SILVER HAKE,14,NA
BROSME BROSME,CUSK,15,NA
POLLACHIUS VIRENS,POLLOCK,16,NA
MICROGADUS TOMCOD,TOMCOD(ATLANTIC),17,NA
GADIFORMES,GADIFORMES,18,NA
MERLUCCIUS ALBIDUS,OFF-SHORE HAKE,19,NA
SEBASTES SP.,REDFISH UNSEPARATED,23,NA
LOPHOLATILUS CHAMAELEONTICEPS,TILE FISH,25,NA
NEALOTUS TRIPES,NEALOTUS TRIPES,28,NA
HIPPOGLOSSUS HIPPOGLOSSUS,HALIBUT(ATLANTIC),30,NA
REINHARDTIUS HIPPOGLOSSOIDES,"TURBOT,GREENLAND HALIBUT",31,NA
PSEUDOSCOPELUS SP.,SWALLOWERS,38,NA
CHIASMODON NIGER,BLACK SWALLOWER,39,NA
HIPPOGLOSSOIDES PLATESSOIDES,AMERICAN PLAICE,40,NA
GLYPTOCEPHALUS CYNOGLOSSUS,WITCH FLOUNDER,41,NA
LIMANDA FERRUGINEA,YELLOWTAIL FLOUNDER,42,NA
PSEUDOPLEURONECTES AMERICANUS,WINTER FLOUNDER,43,NA
CITHARICHTHYS ARCTIFRONS,GULF STREAM FLOUNDER,44,NA
PLEURONECTIDAE F.,FLOUNDER UNIDENTIFIED,49,NA
ANARHICHAS LUPUS,STRIPED ATLANTIC WOLFFISH,50,NA
ANARHICHAS MINOR,SPOTTED WOLFFISH,51,NA
ANARHICHAS DENTICULATUS,NORTHERN WOLFFISH,52,NA
CLUPEA HARENGUS,HERRING(ATLANTIC),60,NA
ALOSA SAPIDISSIMA,SHAD AMERICAN,61,NA
ALOSA PSEUDOHARENGUS,ALEWIFE,62,NA
OSMERUS MORDAX,RAINBOW SMELT,63,NA
MALLOTUS VILLOSUS,CAPELIN,64,NA
SALMO SALAR,SALMON(ATLANTIC),65,NA
SCOMBER SCOMBRUS,MACKEREL(ATLANTIC),70,NA
XIPHIAS GLADIUS,SWORDFISH,72,NA
NAUCRATES DUCTOR,PILOTFISH,88,NA
SELAR CRUMENOPHTHALMUS,BIGEYE SCAD,89,NA
"UNID. FISH (LARVAE,JUVENILE AND ADULTS)",UNID. FISH,90,NA
SERIOLA DUMERILI,GREATER AMBERJACK,92,NA
VOMER SETAPINNIS,ATLANTIC MOONFISH,94,NA
STENOTOMUS CHRYSOPS,SCUP,102,NA
HALARGYREUS JOHNSONII,DAINTY MORA,109,NA
BOREOGADUS SAIDA,ARCTIC COD,110,NA
UROPHYCIS REGIA,SPOTTED HAKE,111,NA
UROPHYCIS CHESTERI,LONGFIN HAKE,112,NA
ANTIMORA ROSTRATA,BLUE ANTIMORA/HAKE,113,NA
ENCHELYOPUS CIMBRIUS,FOURBEARD ROCKLING,114,NA
GAIDROPSARUS ENSIS,THREEBEARD ROCKLING,115,NA
GAIDROPSARUS ARGENTATUS,SILVER ROCKLING,116,NA
MICROMESISTIUS POUTASSOU,BLUE WHITING,117,NA
GADUS OGAC,GREENLAND COD,118,NA
GAIDROPSARUS SP.,ROCKLING UNIDENTIFIED,119,NA
TAUTOGOLABRUS ADSPERSUS,CUNNER,122,NA
HELICOLENUS DACTYLOPTERUS,ROSEFISH(BLACK BELLY),123,NA
HYGOPHUM HYGOMI,HYGOPHUM HYGOMI,135,NA
LAMPADENA SPECULIGERA,MIRROR LANTERNFISH,138,NA
LIOPSETTA PUTNAMI,SMOOTH FLOUNDER,140,NA
PARALICHTHYS DENTATUS,SUMMER FLOUNDER,141,NA
HIPPOGLOSSINA OBLONGA,FOURSPOT FLOUNDER,142,NA
SCOPHTHALMUS AQUOSUS,BRILL/WINDOWPANE,143,NA
LAMPANYCTUS MACDONALDI,LAMPANYCTUS MACDONALDI,146,NA
LAMPANYCTUS PUSILLUS,LAMPANYCTUS PUSILLUS,147,NA
BATHYPTEROIS DUBIUS,NOTCH FEELERFISH,148,NA
PARASUDIS TRUCULENTA,LONGNOSE GREENEYE,149,NA
MYCTOPHIDAE,LANTERNFISH (NS),150,NA
STOMIIDAE,STOMIATOID UNIDENTIFIED,151,NA
DIAPHUS DUMERILII,DIAPHUS DUMERILII,152,NA
GONOSTOMA ELONGATUM,LONGTOOTH ANGLEMOUTH,155,NA
CHLOROPHTHALMUS AGASSIZI,SHORT-NOSE GREENEYE,156,NA
BENTHOSEMA GLACIALE,GLACIER LANTERNFISH,157,NA
MAUROLICUS MUELLERI,MUELLER'S PEARLSIDES,158,NA
STOMIAS BOA,BOA DRAGONFISH,159,NA
ARGENTINA SILUS,ARGENTINE(ATLANTIC),160,NA
CERATOSCOPELUS MADERENSIS,"LANTERNFISH,HORNED",163,NA
BREVOORTIA TYRANNUS,MENHADEN(ATLANTIC),164,NA
ALOSA AESTIVALIS,BLUEBACK HERRING,165,NA
CHAULIODUS SLOANI,VIPERFISH,169,NA
BATHYLAGUS EURYOPS,GOITRE BLACKSMELT,176,NA
MALACOSTEUS NIGER,LOOSEJAW,177,NA
MYCTOPHUM PUNCTATUM,SPOTTED LANTERNFISH,180,NA
NOTOSCOPELUS ELONGATUS KROYERI,LANTERNFISH KROYER'S,182,NA
NOTOSCOPELUS RESPLENDENS,LANTERNFISH PATCHWORK,183,NA
SYMBOLOPHORUS VERANYI,LARGESCALE LANTERNFISH,184,NA
TAANINGICHTHYS MINIMUS,TAANINGICHTHYS MINIMUS,186,NA
UROPHYCIS SP.,HAKE (NS),193,NA
MORIDAE,MORAS,194,NA
BOTHIDAE F.,LEFTEYE FLOUNDER,196,NA
DIPTURUS LAEVIS,BARNDOOR SKATE,200,NA
AMBLYRAJA RADIATA,THORNY SKATE,201,NA
MALACORAJA SENTA,SMOOTH SKATE,202,NA
LEUCORAJA ERINACEA,LITTLE SKATE,203,NA
LEUCORAJA OCELLATA,WINTER SKATE,204,NA
BATHYRAJA SPINICAUDA,SPINYTAIL SKATE,205,NA
RAJELLA FYLLAE,ROUND SKATE,207,NA
AMBLYRAJA JENSENI,SHORTTAIL SKATE,209,NA
RAJIDAE F.,SKATES (NS),211,NA
RAJA BATHYPHILA,ABYSSAL SKATE,212,NA
TORPEDO NOBILIANA,ATLANTIC TORPEDO,216,NA
RAJIFORMES,SKATES AND RAYS (NS),219,NA
SQUALUS ACANTHIAS,SPINY DOGFISH,220,NA
CENTROSCYLLIUM FABRICII,BLACK DOGFISH,221,NA
CENTROSCYMNUS COELOLEPIS,PORTUGUESE SHARK,223,NA
ETMOPTERUS PRINCEPS,ROUGH SAGRE,224,NA
NOTOSCOPELUS SP.,NOTOSCOPELUS SP.,227,NA
LEPIDOPHANES GUENTHERI,LEPIDOPHANES GUENTHERI,228,NA
LAMNA NASUS,"PORBEAGLE,MACKEREL SHARK",230,NA
APRISTURUS PROFUNDORUM,DEEPSEA CAT SHARK,239,NA
PETROMYZON MARINUS,SEA LAMPREY,240,NA
MYXINE GLUTINOSA,NORTHERN HAGFISH,241,NA
HYDROLAGUS AFFINIS,DEEPWATER CHIMAERA,242,NA
ACIPENSER OXYRHYNCHUS,AMERICAN ATLANT STURGEON,243,NA
HARRIOTTA RALEIGHANA,LONGNOSE CHIMERA,247,NA
RHINOCHIMAERA ATLANTICA,KNIFENOSE CHIMERA,248,NA
LAMPANYCTUS SP.,LAMPANYCTUS SP.,252,NA
SCORPAENIDAE F.,SCORPIONFISHES,280,NA
LAMPANYCTUS ATER,LAMPANYCTUS ATER,284,NA
BENTHOSEMA SP.,BENTHOSEMA SP.,286,NA
NOTOSCOPELUS BOLINI,NOTOSCOPELUS BOLINI,287,NA
ARGENTINIDAE F.,ARGENTINES (NS),288,NA
CERATOSCOPELUS SP.,CERATOSCOPELUS SP.,293,NA
BATHYLAGUS SP.,BATHYLAGUS,295,NA
MYOXOCEPHALUS OCTODECEMSPINOSUS,LONGHORN SCULPIN,300,NA
MYOXOCEPHALUS SCORPIUS,SHORTHORN SCULPIN,301,NA
GYMNOCANTHUS TRICUSPIS,ARCTIC STAGHORN SCULPIN,302,NA
MYOXOCEPHALUS AENAEUS,GRUBBY OR LITTLE SCULPIN,303,NA
TRIGLOPS MURRAYI,MAILED SCULPIN,304,NA
TRIGLOPS NYBELINI,NYBELIN S SCULPIN,305,NA
ARTEDIELLUS UNCINATUS,SNOWFLAKE HOOKEAR SCULPIN,306,NA
COTTUNCULUS MICROPS,POLAR SCULPIN,307,NA
COTTUNCULUS THOMPSONI,PALLID SCULPIN,308,NA
TRIGLOPS SP.,SCULPIN (NS),309,NA
COTTIDAE F.,SCULPINS,312,NA
ICELUS BICORNIS,TWOHORN SCULPIN,313,NA
ICELUS SPATULA,SPATULATE SCULPIN,314,NA
MYOXOCEPHALUS SCORPIOIDES,ARCTIC SCULPIN,316,NA
TRIGLOPS PINGELI,RIBBED SCULPIN,317,NA
HEMITRIPTERUS AMERICANUS,SEA RAVEN,320,NA
ARTEDIELLUS SP.,HOOKEAR SCULPIN (NS),323,NA
TRIGLIDAE F.,SEAROBINS,329,NA
PRIONOTUS CAROLINUS,"NORTHERN,COMMON  SEA ROBIN",330,NA
PERISTEDION MINIATUM,ARMORED SEA ROBIN,331,NA
OSMERIDAE F.,"SMELTS,CAPELIN (NS)",337,NA
ARISTOSTOMIAS SP.,ARISTOSTOMIAS SP.,338,NA
ASPIDOPHOROIDES MONOPTERYGIUS,ALLIGATORFISH,340,NA
ASPIDOPHOROIDES OLRIKI,ARCTIC ALLIGATORFISH,341,NA
LAMPADENA SP.,LAMPADENA SP.,343,NA
LEPTAGONUS DECAGONUS,ATLANTIC SEA POACHER,350,NA
AGONIDAE F.,ALLIGATOR FISH (NS),351,NA
RONDELETIA LORICATA,RONDELETIA LORICATA,356,NA
GASTEROSTEUS ACULEATUS,THREESPINE STICKLEBACK,361,NA
MYCTOPHUM SP.,MYCTOPHUM SP.,370,NA
POLYIPNUS SP.,POLYIPNUS SP.,376,NA
ANTIGONIA CAPROS,DEEPBODY BOARFISH,384,NA
MONOLENE SESSILICAUDA,DEEPWATER FLOUNDER,385,NA
ETROPUS MICROSTOMUS,SMALLMOUTH FLOUNDER,386,NA
MACROSTOMIAS LONGIBARBATUS,MACROSTOMIAS LONGIBARBATUS,395,NA
PHOTOSTOMIAS GUERNEI,PHOTOSTOMIAS GUERNEI,396,NA
LOPHIUS AMERICANUS,"MONKFISH,GOOSEFISH,ANGLER",400,NA
CERATIAS HOLBOELLI,DEEPSEA ANGLER,401,NA
MALACOCEPHALUS OCCIDENTALIS,AMERICAN STRAPTAIL GRENADIER,409,NA
NEZUMIA BAIRDII,MARLIN-SPIKE GRENADIER,410,NA
MACROURUS BERGLAX,ROUGHHEAD GRENADIER,411,NA
TRACHYRINCUS MURRAYI,ROUGHNOSE GRENADIER,412,NA
CAELORINCHUS CAELORINCHUS,LONGNOSE GRENADIER,413,NA
CORYPHAENOIDES RUPESTRIS,ROUNDNOSE GRENADIER,414,NA
MACROURIDAE F.,GRENADIERS (NS),416,NA
SYNAPHOBRANCHIDAE F.,"EELS, CUTTHROAT (NS)",455,NA
NEMICHTHYIDAE F.,"EELS,SNIPE (NS)",463,NA
LAMPANYCTUS PHOTONOTUS,LAMPANYCTUS PHOTONOTUS,465,NA
NOTOSCOPELUS CAUDISPINOSUS,NOTOSCOPELUS CAUDISPINOSUS,478,NA
PARALEPIS ELONGATA,PARALEPIS ELONGATA,484,NA
EVERMANELLA INDICA,EVERMANELLA INDICA,488,NA
SCOPELOBERYX ROBUSTUS,SCOPELOBERYX ROBUSTUS,494,NA
ANTHIAS NICHOLSI,YELLOWFIN BASS,498,NA
LIPARIS SP.,SEASNAIL UNIDENTIFIED,500,NA
CYCLOPTERUS LUMPUS,LUMPFISH,501,NA
EUMICROTREMUS SPINOSUS,ATLANTIC SPINY LUMPSUCKER,502,NA
LIPARIS ATLANTICUS,ATLANTIC SEASNAIL,503,NA
LIPARIS LIPARIS,STRIPED SEASNAIL,504,NA
LIPARIS FABRICII,"SEASNAIL,GELATINOUS",505,NA
LIPARIS TUNICATUS,GREENLAND SEASNAIL,506,NA
CAREPROCTUS LONGIPINNIS,LONGFIN SEASNAIL,507,NA
LIPARIS INQUILINUS,INQUILINE SEASNAIL,508,NA
PARALIPARIS COPEI,BLACKSNOUT SEASNAIL,511,NA
LIPARIS GIBBUS,"SEASNAIL,DUSKY",512,NA
LIPARIS COHENI,GULF SEA SNAIL,513,NA
CYCLOPTERIDAE F.,"LUMPFISHES,SEASNAILS (NS)",514,NA
CAREPROCTUS  SP.,SEA TADPOLE(NS),515,NA
CAREPROCTUS REINHARDTI,SEA TADPOLE,520,NA
BATHYLAGUS BERICOIDES,BATHYLAGUS BERICOIDES,526,NA
CHAUNAX SP.,GAPPER,530,NA
CUBICEPS GRACILIS,CUBICEPS GRACILIS,532,NA
MACRORHAMPHOSUS SCOLOPAX,LONGSPINE SNIPEFISH,556,NA
MELAMPHAES SUBORBITALIS,MELAMPHAES SUBORBITALIS,557,NA
MELAMPHAEIDAE,MELAMPHAEIDAE,558,NA
PARALEPIS  SP.,BARRACUDINA (NS),565,NA
SCOPELOGADUS SP.,SCOPELOGADUS SP.,571,NA
SYNAGROPS BELLA,BLACKMOUTH BASS,576,NA
EPIGONUS PANDIONIS,EPIGONUS PANDIONIS,587,NA
SCOPELOSAURUS LEPIDUS,SCOPELOSAURUS LEPIDUS,588,NA
AMMODYTIDAE F.,SAND LANCES (NS),590,NA
SHARK (NS),SHARK (NS),592,NA
CHLOROPHTHALMIDAE,GREENEYES (NS),593,NA
ALEPOCEPHALUS AGASSIZII,"SMOOTHHEAD,AGASSIZ'S",594,NA
CYTTOPSIS ROSEA,RED DORY,595,NA
BAJACALIFORNIA MEGALOPS,BIGEYE SMOOTH-HEAD,596,NA
ZOARCIDAE F.,EELPOUTS (NS),598,NA
AMMODYTES AMERICANUS,AMERICAN SAND LANCE,599,NA
ANGUILLA ROSTRATA,AMERICAN EEL,600,NA
SIMENCHELYS PARASITICA,"SNUBNOSE EEL, SLIME EEL",601,NA
BATHYRAJA SP,BATHYRAJA SP,1007,NA
ILYOPHIS BRUNNEUS,ILYOPHIS BRUNNEUS,1019,NA
GEODIA SPP.,GEODIA SPP.,8364,NA
NO LONGER USED - PHAKELLIA SPP.,NO LONGER USED - PHAKELLIA SPP.,8366,NA
LEUCORAJA SP.,Skate;LITTLE OR WINTER; Unspecified,1191,NA
LAEMONEMA BARBATULUM,LAEMONEMA BARBATULUM,1076,NA
PENTAMERA CALCIGERA,F. PHYLLOPHORIDAE,6601,NA
HALOSAURUS GUENTHERI,HALOSAURUS GUENTHERI,1010,NA
BATHYPTEROIS PHENAX,BATHYPTEROIS PHENAX,1045,NA
BASSOGIGAS GILLI,BASSOGIGAS GILLI,1012,NA
CATAETYX LATICEPS,CATAETYX LATICEPS,1072,NA
CORYPHAENOIDES CARAPINUS,CORYPHAENOIDES CARAPINUS,1060,NA
CORYPHAENOIDES SP,CORYPHAENOIDES SP,1064,NA
FLUSTRA FOLIACEA,LEMONWEED,1901,NA
POLYCHELES SCULPTUS,BLIND LOBSTER,8145,NA
APRISTURUS MANIS,GHOST CATSHARK,1264,NA
NEZUMIA AEQUALIS,SMOOTH GRENADIER,1270,NA
LEPIDION SCHMIDTI,LEPIDION SCHMIDTI,1274,NA
TREMASTER MIRABILIS,TREMASTER MIRABILIS,1279,NA
URASTERIAS LINCKI,URASTERIAS LINCKI,1280,NA
ARISTAEPSIS EDWARDSINANA,ARISTAEPSIS EDWARDSINANA,1281,NA
LEBBEUS MICROCEROS,LEBBEUS MICROCEROS,1282,NA
SERGIA ROBUSTA,SERGIA ROBUSTA,1283,NA
BATHYGADUS MELANOBRANCHUS,VAILLANTS GRENADIER,1269,NA
HENRICIA SP.,BLOOD STAR (GENUS),6118,NA
AURELIA AURITA,MOON JELLY,8010,NA
ASTERIAS FORBESI,ASTERIAS FORBESI,6109,NA
PORANIA PULVILIS,PORANIA PULVILIS,6102,NA
LEPTASTERIAS SP.,LEPTASTERIAS SP.,6114,NA
PSEUDARCHASTER SP,PSEUDARCHASTER SP,6116,NA
MOLLUSCA (EMPTY),MOLLUSCA SHELLS EMPTY,4348,NA
PARAPASIPHAE SULCATIFRONS,PARAPASIPHAE SULCATIFRONS,2222,NA
ACANTHEPHYRA SP.,ACANTHEPHYRA SP.,2361,NA
ACANTHEPHYRA PURPUREA,ACANTHEPHYRA PURPUREA,2362,NA
ACANTHEPHYRA EXEMIA,ACANTHEPHYRA EXEMIA,2363,NA
OPLOPHORUS SPINOSUS,OPLOPHORUS SPINOSUS,2369,NA
SERGESTES SP.,SERGESTES SP.,2461,NA
GENNADAS SP.,GENNADAS SP.,2471,NA
GNATHOPHAUSIA SP.,GNATHOPHAUSIA SP.,2771,NA
HISTIOTEUTHIS SP.,HISTIOTEUTHIS SP.,4555,NA
GONATUS FABRICII,GONATUS FABRICII,4599,NA
TEUTHOWENIA MEGALOPS,TEUTHOWENIA MEGALOPS,4657,NA
GONATUS STEENSTRUPII,GONATUS STEENSTRUPII,4660,NA
PUFFINUS GRAVIS,GREATER SHEARWATER,9488,NA
ACANTHOGORGIA ARMATA,ACANTHOGORGIA ARMATA,8326,NA
POLYMASTIA MAMMILARIS,POLYMASTIA MAMMILARIS,8611,NA
TENTORIUM SEMISUBERITES,TENTORIUM SEMISUBERITES,8612,NA
KERATOISIS ORNATA,GOLD-BANDED/BAMBOO CORAL,8325,NA
ACANELLA ARBUSCULA,ACANELLA ARBUSCULA,8329,NA
SUBERITES FICUS,FIG SPONGE,8613,NA
LOPHELIA PERTUSA,SPIDER HAZARDS CORAL,8331,NA
SHRIMP-LIKE,SHRIMP-LIKE,2499,NA
CRAB,CRAB,2507,NA
SAND TUBE,SAND TUBE,3999,NA
SEA CORALS (NS),SEA CORALS (NS),8530,NA
ORGANIC DEBRIS,ORGANIC DEBRIS,9630,NA
ANTHOZOA,CORAL (NS),8332,NA
PECTINIDAE SHELLS,SCALLOP SHELLS,4349,NA
GERSEMIA RUBIFORMIS,"SEA CAULIFLOWER, STRAWBERRIES",8324,NA
SOFT CORAL UNIDENTIFIED,SOFT CORAL UNIDENTIFIED,8327,NA
ANTHOMASTUS GRANDIFLORUS,ANTHOMASTUS GRANDIFLORUS,8328,NA
RADICIPES GRACILIS,RADICIPES GRACILIS,8330,NA
PARAMURICEA SPP,PARAMURICEA SPP,8333,NA
FLABELLUM SP,CUP CORAL,8335,NA
MYCALE LINGUA,MYCALE LINGUA,8616,NA
ZOSTERA MARINA,EEL GRASS,9305,NA
DESMARESTIA ACULEATA,SOUR WEED,9308,NA
LAMINARIA LONGICRURIS,LASAGNA KELP,9321,NA
ALARIA ESCULENTA,SEA WHIP KELP,9323,NA
SACCORHIZA DERMATODEA,PIGSKIN KELP,9324,NA
AGARUM CRIBROSUM,SEA COLANDER/ HOLEY KELP,9325,NA
FUCUS VESICULOSUS,BLADDER WRACK,9327,NA
FUCUS DISTICHUS,ROCK WEED,9328,NA
ASCOPHYLLUM NODOSUM,KNOTTED WRACK,9331,NA
PALMARIA PALMATA,DULSE,9334,NA
ANTIPATHARIAN O.,BLACK CORALS THORNY CORALS,8337,NA
ALCYONIUM DIGITATUM,DEAD MANS FINGERS,8336,NA
CHRYSOGORGIA AGASSIZII,CHRYSOGORGIA AGASSIZII,8338,NA
Clavularia spp.,Clavularia spp,8339,NA
SERTULARIA POLYZONIAS,HYDROZOA,8341,NA
NEMERTEA,RIBBON WORM,8343,NA
THYONELLA AFF. PERVICAX,SEA CUCUMBER,8345,NA
PSEUDARCHASTER PARELII,PSEUDARCHASTER PARELII,8346,NA
PSILASTER ANDROMEDA,PSILASTER ANDROMEDA,8347,NA
LEPTYCHASTER ARCTICUS,LEPTYCHASTER ARCTICUS,8348,NA
LOPHASTER FURCIFER,LOPHASTER FURCIFER,8349,NA
SYSCENUS INFELIX,SYSCENUS INFELIX,8352,NA
ACANTHEPHYRA PELAGICA,ACANTHEPHYRA PELAGICA,8353,NA
SERGIA SP.,SERGIA SP.,8354,NA
"OCTOPODA, CIRRATA",DEEP SEA FINNED OCTOPUS,8355,NA
RHIZAXINELLA SP.,RHIZAXINELLA SP.,8356,NA
FUNICULINA QUADRANGULARIS,FUNICULINA QUADRANGULARIS,8359,NA
PENNATULA GRANDIS (BOREALIS),PENNATULA GRANDIS (BOREALIS),8360,NA
ANTHOPTILUM GRANDIFLORUM,ANTHOPTILUM GRANDIFLORUM,8361,NA
FLABELLUM ALABASTRUM,FLABELLUM ALABASTRUM,8362,NA
HALIPTERUS (BALTICINA) SP.,HALIPTERUS (BALTICINA) SP.,8363,NA
VAZELLA POURTALESI,RUSSIAN HATS,8601,NA
PURSE BARNDOOR SKATE,PURSE BARNDOOR SKATE,1199,NA
PURSE THORNY SKATE,PURSE THORNY SKATE,1201,NA
PURSE SMOOTH SKATE,PURSE SMOOTH SKATE,1202,NA
PURSE LITTLE SKATE,PURSE LITTLE SKATE,1203,NA
PURSE WINTER SKATE,PURSE WINTER SKATE,1204,NA
CEREMASTER GRANULARIS,CEREMASTER GRANULARIS,6101,NA
HENRICA SP.,HENRICA SP,6120,NA
HYALINOECIA CF TUBICOLA,HYALINOECIA CF TUBICOLA,3099,NA
SERGESTES ARCTICUS,SERGESTES ARCTICUS,2223,NA
SABINEA SARSI,SABINEA SARSI,2419,NA
OPHIACANTHA ABYSSICOLA,OPHIACANTHA ABYSSICOLA,6201,NA
NATICIDAE F.,MOON SNAIL UNSP,4220,NA
PENNATULA ACULEATA,PENNATULA ACULEATA,8367,NA
POLYMASTIA ANDRICA,POLYMASTIA ANDRICA,8609,NA
POLYMASTIA HEMISPHAERICA,POLYMASTIA HEMISPHAERICA,8608,NA
POLYMASTIA F.,POLYMASTIA F.,8605,NA
HETEROPOLYPUS SPP. ,HETEROPOLYPUS SPP. ,8392,NA
GERSEMIA FRUTICOSA,GERSEMIA FRUTICOSA,8390,NA
ACTINIIDAE F. ,ACTINIIDAE F. ,8209,NA
ACTINOSTOLA SPP. ,ACTINOSTOLA SPP. ,8216,NA
ATOLLA WYVILLEI,ATOLLA WYVILLEI,8506,NA
PERIPHYLLA PERIPHYLLA,PERIPHYLLA PERIPHYLLA,8516,NA
STAUROZOA C. ,STAUROZOA C.,8550,NA
LAETMONICE FILICORNIS,LAETMONICE FILICORNIS,3215,NA
BATHYPOLYPUS SPP. ,BATHYPOLYPUS SPP. ,4508,NA
CIRROTEUTHIS SPP.  ,CIRROTEUTHIS SPP. ,4509,NA
BERINGIUS TURTONI ,BERINGIUS TURTONI ,4213,NA
CHIRONA HAMERI,CHIRONA HAMERI,2062,NA
ARCOSCALPELLUM MICHELOTTIANUM,ARCOSCALPELLUM MICHELOTTIANUM,2056,NA
EPIMERIA LORICATA,EPIMERIA LORICATA,2795,NA
STEGOCEPHALUS INFLATUS,STEGOCEPHALUS INFLATUS,2799,NA
PLESIONIKA MARTIA,PLESIONIKA MARTIA,2217,NA
PLESIONIKA SP. ,PLESIONIKA SP.,2216,NA
ONCOPAGURUS SPP.,ONCOPAGURUS SPP.,2571,NA
SPINOLAMBRUS POURTALESII,SPINOLAMBRUS POURTALESII,2547,NA
BATHYNECTES LONGISPINA,BATHYNECTES LONGISPINA,2506,NA
OPHIACANTHA BIDENTATA,OPHIACANTHA BIDENTATA,6202,NA
OPHIOMUSA LYMANI,OPHIOMUSA LYMANI,6218,NA
SCLERASTERIAS TANNERI,SCLERASTERIAS TANNERI,6106,NA
STEPHANASTERIAS ALBULA,STEPHANASTERIAS ALBULA,6107,NA
ASTERIIDAE F.,ASTERIIDAE F.,6105,NA
ASTROPECTEN AMERICANUS,ASTROPECTEN AMERICANUS,6136,NA
PLUTONASTER AGASSIZI,PLUTONASTER AGASSIZI,6139,NA
MEDIASTER BAIRDI,MEDIASTER BAIRDI,6128,NA
SOLASTER SYRTENSIS,SOLASTER SYRTENSIS,6149,NA
PTERASTER PULVILLUS,PTERASTER PULVILLUS,6126,NA
BOLTENIA OVIFERA,BOLTENIA OVIFERA,1812,NA
ASCIDIACEA C.,ASCIDIACEA C. ,1811,NA
STEREODERMA UNISEMITA,STEREODERMA UNISEMITA,6615,NA
EPIZOANTHIDAE F.,EPIZOANTHIDAE F.,8381,NA
EPIZOANTHUS SPP.,EPIZOANTHUS SPP.,8382,NA
NEPHTHEIDAE F.,NEPHTHEIDAE F.,8386,NA
DRIFA GLOMERATA,DRIFA GLOMERATA,8388,NA
DUVA FLORIDA,DUVA FLORIDA,8389,NA
SOLASTER SPP.,SOLASTER SPP.,6122,NA
SETARCHES GUENTHERI,SETARCHES GUENTHERI,728,NA
