SPEC,COMM,CODE,TSN
SYNAPHOBRANCHUS KAUPI,GRAY'S CUTTHROAT EEL,602,NA
LYCENCHELYS VERRILLI,WOLF EELPOUT,603,NA
AMMODYTES DUBIUS,NORTHERN SAND LANCE,610,NA
GYMNELIS VIRIDIS,FISH DOCTOR,616,NA
PHOLIS GUNNELLUS,ROCK GUNNEL(EEL),621,NA
LUMPENUS LUMPRETAEFORMIS,SNAKE BLENNY,622,NA
LUMPENUS MACULATUS,DAUBED SHANNY,623,NA
ULVARIA SUBBIFURCATA,RADIATED SHANNY,625,NA
EUMESOGRAMMUS PRAECISUS,4-LINE SNAKE BLENNY,626,NA
LYCODES POLARIS,POLAR EELPOUT,628,NA
CRYPTACANTHODES MACULATUS,WRYMOUTH,630,NA
FOETOREPUS AGASSIZI,SPOTFIN DRAGONET,637,NA
STICHAEIDAE F.,PRICKLEBACKS,639,NA
ZOARCES AMERICANUS,OCEAN POUT,640,NA
LYCODES RETICULATUS,ARCTIC EELPOUT,641,NA
LYCODES SP.,EELPOUTS(NS),642,NA
LYCODES VAHLII,SHORTTAILED EELPOUT(VAHL),647,NA
MYCTEROPERCA SP.,SEA BASSES,664,NA
OGCOCEPHALIDAE F.,BATFISHES,694,NA
ARGYROPELECUS ACULEATUS,"HATCHETFISH, ATLANTIC SILVER",700,NA
PEPRILUS TRIACANTHUS,BUTTERFISH,701,NA
ZENOPSIS OCELLATA,AMERICAN JOHN DORY,704,NA
PARALEPIS ATLANTICA,SHORT BARRACUDINA,711,NA
NOTOLEPIS RISSOI,WHITE BARRACUDINA,712,NA
PARALEPIDIDAE F.,"BARRACUDINA,UNIDENTIFIED",713,NA
SCOMBERESOX SAURUS,"ATLANTIC SAURY,NEEDLEFISH",720,NA
STERNOPTYCHIDAE F.,UNIDENTIFIED HATCHETFISH,741,NA
DIBRANCHUS ATLANTICUS,ATLANTIC BATFISH,742,NA
POLYMIXIA NOBILIS,STOUT BEARD FISH,744,NA
POLYMIXIA LOWEI,BEARDFISH,771,NA
PANDALUS SP.,PANDALUS SP.,2210,NA
BRACHYURA S.,BRACHIURAN CRABS,2510,NA
CANCER BOREALIS,JONAH CRAB,2511,NA
CANCER IRRORATUS,ATLANTIC ROCK CRAB,2513,NA
HYAS SP.,"TOAD CRAB,UNIDENT.",2520,NA
CHIONOECETES SP. (OBSOLETE),"SPIDER/(QUEEN,SNOW)UNID",2522,NA
LITHODES MAJA,NORTHERN STONE CRAB,2523,NA
LITHODES/NEOLITHODES,SPINY CRAB,2525,NA
CHIONOECETES OPILIO,SNOW CRAB (QUEEN),2526,NA
NEOLITHODES GRIMALDII,PORCUPINE CRAB,2528,NA
CHACEON QUINQUEDENS,RED DEEPSEA CRAB,2532,NA
HOMARUS AMERICANUS,AMERICAN LOBSTER,2550,NA
PAGUROIDEA S.F.,PAGUROIDEA S.F.,2560,NA
ILLEX ILLECEBROSUS,SHORT-FIN SQUID,4511,NA
LOLIGO PEALEII,"LONGFIN SQUID, LONGFIN INSHORE SQUID",4512,NA
BALISTES CAPRISCUS,GRAY TRIGGERFISH,3,NA
STEPHANOLEPIS HISPIDUS,PLANEHEAD FILEFISH,6,NA
GADUS MORHUA,COD(ATLANTIC),10,NA
MELANOGRAMMUS AEGLEFINUS,HADDOCK,11,NA
UROPHYCIS TENUIS,WHITE HAKE,12,NA
UROPHYCIS CHUSS,SQUIRREL OR RED HAKE,13,NA
MERLUCCIUS BILINEARIS,SILVER HAKE,14,NA
BROSME BROSME,CUSK,15,NA
POLLACHIUS VIRENS,POLLOCK,16,NA
MICROGADUS TOMCOD,TOMCOD(ATLANTIC),17,NA
MERLUCCIUS ALBIDUS,OFF-SHORE HAKE,19,NA
SEBASTES SP.,REDFISH UNSEPARATED,23,NA
NEALOTUS TRIPES,NEALOTUS TRIPES,28,NA
HIPPOGLOSSUS HIPPOGLOSSUS,HALIBUT(ATLANTIC),30,NA
REINHARDTIUS HIPPOGLOSSOIDES,"TURBOT,GREENLAND HALIBUT",31,NA
HIPPOGLOSSOIDES PLATESSOIDES,AMERICAN PLAICE,40,NA
GLYPTOCEPHALUS CYNOGLOSSUS,WITCH FLOUNDER,41,NA
LIMANDA FERRUGINEA,YELLOWTAIL FLOUNDER,42,NA
PSEUDOPLEURONECTES AMERICANUS,WINTER FLOUNDER,43,NA
CITHARICHTHYS ARCTIFRONS,GULF STREAM FLOUNDER,44,NA
ANARHICHAS LUPUS,STRIPED ATLANTIC WOLFFISH,50,NA
ANARHICHAS MINOR,SPOTTED WOLFFISH,51,NA
ANARHICHAS DENTICULATUS,NORTHERN WOLFFISH,52,NA
CLUPEA HARENGUS,HERRING(ATLANTIC),60,NA
ALOSA SAPIDISSIMA,SHAD AMERICAN,61,NA
ALOSA PSEUDOHARENGUS,ALEWIFE,62,NA
OSMERUS MORDAX,RAINBOW SMELT,63,NA
MALLOTUS VILLOSUS,CAPELIN,64,NA
SCOMBER SCOMBRUS,MACKEREL(ATLANTIC),70,NA
XIPHIAS GLADIUS,SWORDFISH,72,NA
REMORA BRACHYPTERA,SPEARFISH REMORA,83,NA
UROPHYCIS REGIA,SPOTTED HAKE,111,NA
UROPHYCIS CHESTERI,LONGFIN HAKE,112,NA
ENCHELYOPUS CIMBRIUS,FOURBEARD ROCKLING,114,NA
GAIDROPSARUS ENSIS,THREEBEARD ROCKLING,115,NA
TAUTOGOLABRUS ADSPERSUS,CUNNER,122,NA
HELICOLENUS DACTYLOPTERUS,ROSEFISH(BLACK BELLY),123,NA
HIPPOGLOSSINA OBLONGA,FOURSPOT FLOUNDER,142,NA
SCOPHTHALMUS AQUOSUS,BRILL/WINDOWPANE,143,NA
PARASUDIS TRUCULENTA,LONGNOSE GREENEYE,149,NA
MYCTOPHIDAE,LANTERNFISH (NS),150,NA
DIAPHUS DUMERILII,DIAPHUS DUMERILII,152,NA
CHLOROPHTHALMUS AGASSIZI,SHORT-NOSE GREENEYE,156,NA
MAUROLICUS MUELLERI,MUELLER'S PEARLSIDES,158,NA
STOMIAS BOA,BOA DRAGONFISH,159,NA
ARGENTINA SILUS,ARGENTINE(ATLANTIC),160,NA
CHAULIODUS SLOANI,VIPERFISH,169,NA
DIPTURUS LAEVIS,BARNDOOR SKATE,200,NA
AMBLYRAJA RADIATA,THORNY SKATE,201,NA
MALACORAJA SENTA,SMOOTH SKATE,202,NA
LEUCORAJA ERINACEA,LITTLE SKATE,203,NA
LEUCORAJA OCELLATA,WINTER SKATE,204,NA
SQUALUS ACANTHIAS,SPINY DOGFISH,220,NA
CENTROSCYLLIUM FABRICII,BLACK DOGFISH,221,NA
MYXINE GLUTINOSA,NORTHERN HAGFISH,241,NA
ACIPENSER OXYRHYNCHUS,AMERICAN ATLANT STURGEON,243,NA
MYOXOCEPHALUS OCTODECEMSPINOSUS,LONGHORN SCULPIN,300,NA
MYOXOCEPHALUS SCORPIUS,SHORTHORN SCULPIN,301,NA
TRIGLOPS MURRAYI,MAILED SCULPIN,304,NA
ARTEDIELLUS UNCINATUS,SNOWFLAKE HOOKEAR SCULPIN,306,NA
COTTUNCULUS MICROPS,POLAR SCULPIN,307,NA
HEMITRIPTERUS AMERICANUS,SEA RAVEN,320,NA
PRIONOTUS CAROLINUS,"NORTHERN,COMMON  SEA ROBIN",330,NA
PERISTEDION MINIATUM,ARMORED SEA ROBIN,331,NA
ASPIDOPHOROIDES MONOPTERYGIUS,ALLIGATORFISH,340,NA
LEPTAGONUS DECAGONUS,ATLANTIC SEA POACHER,350,NA
AGONIDAE F.,ALLIGATOR FISH (NS),351,NA
GASTEROSTEIDAE F.,STICKLEBACK UNIDENTIFIED,360,NA
LOPHIUS AMERICANUS,"MONKFISH,GOOSEFISH,ANGLER",400,NA
NEZUMIA BAIRDII,MARLIN-SPIKE GRENADIER,410,NA
CAELORINCHUS CAELORINCHUS,LONGNOSE GRENADIER,413,NA
CORYPHAENOIDES RUPESTRIS,ROUNDNOSE GRENADIER,414,NA
LIPARIS SP.,SEASNAIL UNIDENTIFIED,500,NA
CYCLOPTERUS LUMPUS,LUMPFISH,501,NA
PARABLENNIUS MARMOREUS,SEAWEED BLENNY,586,NA
ANGUILLA ROSTRATA,AMERICAN EEL,600,NA
