Survey.Year,Set.count,Number.of.positive.sets,ITIS.TSN,Species.code,Scientific.name,English.common.name,French.common.name,LSID,Biomass.index,Lower.interval,Upper.interval,CV
2006,110,3,159988,38,APRISTURUS BRUNNEUS,BROWN CAT SHARK,HOLBICHE BRUNE,urn:lsid:marinespecies.org:taxname:158512,1301.184048465,0,3040.950130344,0.653655677053265
2006,110,7,160617,44,SQUALUS SUCKLEYI,NORTH PACIFIC SPINY DOGFISH,AIGUILLAT DU PACIFIQUE,urn:lsid:marinespecies.org:taxname:299224,5983.52301362225,1535.32501871028,11943.2018755973,0.424622361030262
2006,110,5,160935,52,BATHYRAJA ALEUTICA,ALEUTIAN SKATE,RAIE AL<c9>UTIENNE,urn:lsid:marinespecies.org:taxname:271506,29496.5818604354,3583.80451617574,72045.9729039204,0.651429078895597
2006,110,11,160942,57,BATHYRAJA TRACHURA,ROUGHTAIL SKATE,RAIE <c0> QUEUE RUDE,urn:lsid:marinespecies.org:taxname:271538,19818.4343467724,8507.36434000989,33180.8252258931,0.310633780731681
2006,110,12,160937,58,BATHYRAJA INTERRUPTA,SANDPAPER SKATE,RAIE RUGUEUSE,urn:lsid:marinespecies.org:taxname:271515,6790.64192797873,3214.05630863201,11043.4859006049,0.296248054957109
2006,110,33,160851,59,RAJA RHINA,LONGNOSE SKATE,POCHETEAU LONG-NEZ,urn:lsid:marinespecies.org:taxname:271581,86179.1032184075,55459.9883577271,117728.431073147,0.189312708082664
2006,110,41,161015,66,HYDROLAGUS COLLIEI,SPOTTED RATFISH,CHIM<c8>RE D<92>AM<c9>RIQUE,urn:lsid:marinespecies.org:taxname:271406,28427.4371832672,16670.3872333792,42886.2027864328,0.24308540175909
2006,110,9,161976,112,ONCORHYNCHUS KETA,CHUM SALMON,SAUMON K<c9>TA,urn:lsid:marinespecies.org:taxname:127183,8011.08901197107,3299.48015933015,13495.771286367,0.331752240801495
2006,110,30,164673,220,ANTIMORA MICROLEPIS,PACIFIC FLATNOSE,ANTIMORE <c0> PETITES <c9>CAILLES,urn:lsid:marinespecies.org:taxname:272460,53822.3644688441,37534.1873788821,70323.0503797838,0.159167099564785
2006,110,36,164711,222,GADUS MACROCEPHALUS,PACIFIC COD,MORUE DU PACIFIQUE,urn:lsid:marinespecies.org:taxname:254538,50741.3551950925,30643.2537163419,75668.3275866719,0.234361826986762
2006,110,53,164792,225,MERLUCCIUS PRODUCTUS,PACIFIC HAKE,MERLU DU PACIFIQUE,urn:lsid:marinespecies.org:taxname:272458,958443.989115067,646733.631973731,1352577.51676447,0.184062373218872
2006,110,59,934083,228,GADUS CHALCOGRAMMUS,WALLEYE POLLOCK,GOBERGE DE L<92>ALASKA,urn:lsid:marinespecies.org:taxname:300735,31388.9340266202,20561.9697882936,43748.6699166311,0.188132863751868
2006,110,10,165219,235,BOTHROCARA BRUNNEUM,TWOLINE EELPOUT,LYCODE <c0> DEUX LIGNES,urn:lsid:marinespecies.org:taxname:279397,4862.87124194692,1572.53632867351,9626.14722779266,0.447513774674429
2006,110,20,165335,250,CORYPHAENOIDES CINEREUS,POPEYE,GRENADIER CENDR<c9>,urn:lsid:marinespecies.org:taxname:272326,221000.74759829,131809.959083312,324162.534630131,0.218368598185435
2006,110,23,165334,251,CORYPHAENOIDES ACROLEPIS,PACIFIC GRENADIER,GRENADIER <c0> <c9>CAILLES RUDES,urn:lsid:marinespecies.org:taxname:272313,502216.695212425,252794.304658532,849018.545613844,0.300007759580965
2006,110,27,165427,256,ALBATROSSIA PECTORALIS,GIANT GRENADIER,GRENADIER PECTORAL,urn:lsid:marinespecies.org:taxname:236135,363815.32531297,300328.508060696,425414.294622396,0.0870458054226469
2006,110,2,171659,359,ZAPRORA SILENUS,PROWFISH,ZAPRORA,urn:lsid:marinespecies.org:taxname:254353,491.771084095782,0,1208.24443032429,0.701901256996204
2006,110,52,166706,394,SEBASTES ALEUTIANUS/MELANOSTICTUS COMPLEX,ROUGHEYE/BLACKSPOTTED ROCKFISH COMPLEX,COMPLEXE DES S<c9>BASTES <c0> <8c>IL <c9>PINEUX ET <c0> TACHES NOIRES,unknown,2896278.69721263,1515059.62190831,4582836.44915227,0.262606716255581
2006,110,76,166707,396,SEBASTES ALUTUS,PACIFIC OCEAN PERCH,S<c9>BASTE <c0> LONGUE M<c2>CHOIRE,urn:lsid:marinespecies.org:taxname:254573,8544927.91286488,5468637.46603626,12128632.049297,0.197806846132216
2006,110,6,166709,400,SEBASTES AURORA,AURORA ROCKFISH,S<c9>BASTE AURORE,urn:lsid:marinespecies.org:taxname:274774,3745.84098653053,618.504053999624,8110.5182752102,0.54431833614734
2006,110,63,166710,401,SEBASTES BABCOCKI,REDBANDED ROCKFISH,S<c9>BASTE <c0> BANDES ROUGES,urn:lsid:marinespecies.org:taxname:274775,74617.5425043554,50782.5101548717,104941.385216235,0.184006377995933
2006,110,23,166712,403,SEBASTES BOREALIS,SHORTRAKER ROCKFISH,S<c9>BASTE BOR<c9>AL,urn:lsid:marinespecies.org:taxname:274777,254794.643360358,105826.652790913,494028.41245961,0.384928212408542
2006,110,58,166711,405,SEBASTES BREVISPINIS,SILVERGRAY ROCKFISH,S<c9>BASTE ARGENT<c9>,urn:lsid:marinespecies.org:taxname:274778,1541224.09536849,365149.187184635,3486467.84142048,0.588127625375503
2006,110,1,644604,409,SEBASTES VARIABILIS,DUSKY ROCKFISH,S<c9>BASTE VARIABLE,urn:lsid:marinespecies.org:taxname:398442,698.489442629818,0,2095.46832788945,0.99738561475471
2006,110,9,166715,410,SEBASTES CRAMERI,DARKBLOTCHED ROCKFISH,S<c9>BASTE TACHET<c9>,urn:lsid:marinespecies.org:taxname:274785,39172.0672875455,2744.11562867792,108347.575689973,0.706038401732615
2006,110,21,166716,412,SEBASTES DIPLOPROA,SPLITNOSE ROCKFISH,GUEULE-DE-LOUP,urn:lsid:marinespecies.org:taxname:274787,6969.66817145264,1586.09656247983,16147.4360478643,0.560437947548517
2006,110,13,166717,414,SEBASTES ELONGATUS,GREENSTRIPED ROCKFISH,S<c9>BASTE <c0> RAYURES VERTES,urn:lsid:marinespecies.org:taxname:274788,11702.7715996249,2966.18506637474,24673.7849805152,0.50997125510558206
2006,110,13,166719,417,SEBASTES ENTOMELAS,WIDOW ROCKFISH,VEUVE,urn:lsid:marinespecies.org:taxname:274791,68071.300763325,4541.12703404947,185223.733290809,0.84048269986842
2006,110,3,166720,418,SEBASTES FLAVIDUS,YELLOWTAIL ROCKFISH,S<c9>BASTE <c0> QUEUE JAUNE,urn:lsid:marinespecies.org:taxname:274795,1826.77586223387,0,4039.95614997442,0.604607384247344
2006,110,56,166723,421,SEBASTES HELVOMACULATUS,ROSETHORN ROCKFISH,S<c9>BASTE ROSAC<c9>,urn:lsid:marinespecies.org:taxname:274799,73908.1496552005,51810.6296030508,95487.3111465402,0.148633243193511
2006,110,9,166733,435,SEBASTES PAUCISPINIS,BOCACCIO,BOCACCIO,urn:lsid:marinespecies.org:taxname:274833,8814.39072146407,3050.73948109343,15175.7394919417,0.35702678198257
2006,110,4,166734,437,SEBASTES PINNIGER,CANARY ROCKFISH,S<c9>BASTE CANARI,urn:lsid:marinespecies.org:taxname:274836,81384.564063343,699.787925917309,193881.032431218,0.598537273396675
2006,110,22,166736,439,SEBASTES PRORIGER,REDSTRIPE ROCKFISH,S<c9>BASTE <c0> RAIE ROUGE,urn:lsid:marinespecies.org:taxname:274838,104674.412222929,39598.9646082407,181606.812649703,0.345504115853237
2006,110,23,166737,440,SEBASTES REEDI,YELLOWMOUTH ROCKFISH,S<c9>BASTE <c0> BOUCHE JAUNE,urn:lsid:marinespecies.org:taxname:274840,125785.424671532,39817.7236851089,230330.06671683,0.402702943101316
2006,110,25,166742,446,SEBASTES VARIEGATUS,HARLEQUIN ROCKFISH,S<c9>BASTE ARLEQUIN,urn:lsid:marinespecies.org:taxname:274863,4078.51050288248,2143.16697477502,6549.26965299422,0.277554869046275
2006,110,60,166744,450,SEBASTES ZACENTRUS,SHARPCHIN ROCKFISH,S<c9>BASTE <c0> MENTON POINTU,urn:lsid:marinespecies.org:taxname:274869,826656.708817523,434086.824374047,1299844.14974844,0.259239868915624
2006,110,105,166783,451,SEBASTOLOBUS ALASCANUS,SHORTSPINE THORNYHEAD,S<c9>BASTOLOBE <c0> COURTES <c9>PINES,urn:lsid:marinespecies.org:taxname:282740,1146839.04764208,879427.207284465,1483275.55309845,0.136456924752201
2006,110,31,166784,453,SEBASTOLOBUS ALTIVELIS,LONGSPINE THORNYHEAD,S<c9>BASTOLOBE <c0> LONGUES <c9>PINES,urn:lsid:marinespecies.org:taxname:282741,365564.278700031,256262.66102213,469707.30120952,0.15038257030973
2006,110,75,167123,455,ANOPLOPOMA FIMBRIA,SABLEFISH,MORUE CHARBONNI<c8>RE,urn:lsid:marinespecies.org:taxname:159463,1646563.99391004,914675.223273719,2720960.1771603,0.291153962537673
2006,110,23,167116,467,OPHIODON ELONGATUS,LINGCOD,MORUE-LINGUE,urn:lsid:marinespecies.org:taxname:240745,37609.6135292468,22421.8935463359,56616.9761355771,0.23830236730067
2006,110,91,172862,602,ATHERESTHES STOMIAS,ARROWTOOTH FLOUNDER,PLIE <c0> GRANDE BOUCHE,urn:lsid:marinespecies.org:taxname:279792,561241.490634968,391734.778648663,768290.198543242,0.171938115973951
2006,110,16,172866,605,EMBASSICHTHYS BATHYBIUS,DEEPSEA SOLE,PLIE DE PROFONDEUR,urn:lsid:marinespecies.org:taxname:280641,10907.5890639898,5784.49014154847,16248.9966043321,0.250079019326075
2006,110,10,172868,607,EOPSETTA JORDANI,PETRALE SOLE,PLIE DE CALIFORNIE,urn:lsid:marinespecies.org:taxname:280690,12746.9837302187,1493.86748464586,32272.5424461578,0.611792555833336
2006,110,91,172978,610,GLYPTOCEPHALUS ZACHIRUS,REX SOLE,PLIE ROYALE,urn:lsid:marinespecies.org:taxname:274287,176752.983055829,131417.542693161,222836.635542787,0.130525702644247
2006,110,24,172932,614,HIPPOGLOSSUS STENOLEPIS,PACIFIC HALIBUT,FL<c9>TAN DU PACIFIQUE,urn:lsid:marinespecies.org:taxname:274290,45661.6392087038,20851.454964402,80057.1215964981,0.350990383300101
2006,110,35,172871,625,LYOPSETTA EXILIS,SLENDER SOLE,PLIE MINCE,urn:lsid:marinespecies.org:taxname:281452,3379.49459094581,2088.44442437694,4839.50335534919,0.209233621251397
2006,110,93,172887,626,MICROSTOMUS PACIFICUS,DOVER SOLE,LIMANDE-SOLE,urn:lsid:marinespecies.org:taxname:274294,369098.537105682,292524.751450647,464176.520758382,0.120053741060566
2006,110,12,172921,628,PAROPHRYS VETULUS,ENGLISH SOLE,CARLOTTIN ANGLAIS,urn:lsid:marinespecies.org:taxname:254393,4501.33122056425,1468.75776374292,8074.91200869794,0.382995254499561
2007,111,4,159988,38,APRISTURUS BRUNNEUS,BROWN CAT SHARK,HOLBICHE BRUNE,urn:lsid:marinespecies.org:taxname:158512,2742.37207623328,436.497019684444,5226.92380323598,0.449122747615363
2007,111,21,160617,44,SQUALUS SUCKLEYI,NORTH PACIFIC SPINY DOGFISH,AIGUILLAT DU PACIFIQUE,urn:lsid:marinespecies.org:taxname:299224,18179.4759308933,8615.3300541453,31664.3417058492,0.314811800132908
2007,111,5,160935,52,BATHYRAJA ALEUTICA,ALEUTIAN SKATE,RAIE AL<c9>UTIENNE,urn:lsid:marinespecies.org:taxname:271506,13577.5433907648,1931.57320757333,28392.1613345546,0.51509154573974
2007,111,4,160942,57,BATHYRAJA TRACHURA,ROUGHTAIL SKATE,RAIE <c0> QUEUE RUDE,urn:lsid:marinespecies.org:taxname:271538,7332.4562324807,1079.50875841511,15738.9282208966,0.522125158110038
2007,111,20,160937,58,BATHYRAJA INTERRUPTA,SANDPAPER SKATE,RAIE RUGUEUSE,urn:lsid:marinespecies.org:taxname:271515,15156.3199286646,7756.40405807825,23943.0532460016,0.273267092528355
2007,111,33,160851,59,RAJA RHINA,LONGNOSE SKATE,POCHETEAU LONG-NEZ,urn:lsid:marinespecies.org:taxname:271581,85535.9619431992,56456.6731898862,121442.263305362,0.189597625247378
2007,111,61,161015,66,HYDROLAGUS COLLIEI,SPOTTED RATFISH,CHIM<c8>RE D<92>AM<c9>RIQUE,urn:lsid:marinespecies.org:taxname:271406,43447.5638223471,27220.9064600091,65669.376587842,0.235343667752663
2007,111,6,161976,112,ONCORHYNCHUS KETA,CHUM SALMON,SAUMON K<c9>TA,urn:lsid:marinespecies.org:taxname:127183,4921.674552363,1417.75634693819,9134.26157806731,0.397780198268269
2007,111,8,164673,220,ANTIMORA MICROLEPIS,PACIFIC FLATNOSE,ANTIMORE <c0> PETITES <c9>CAILLES,urn:lsid:marinespecies.org:taxname:272460,7509.71401589394,2903.83911934489,12085.5239145072,0.311053580902677
2007,111,23,164711,222,GADUS MACROCEPHALUS,PACIFIC COD,MORUE DU PACIFIQUE,urn:lsid:marinespecies.org:taxname:254538,32982.1882811279,10410.8039775349,62913.9317417865,0.424350163683557
2007,111,63,164792,225,MERLUCCIUS PRODUCTUS,PACIFIC HAKE,MERLU DU PACIFIQUE,urn:lsid:marinespecies.org:taxname:272458,804751.445376545,487080.890150996,1240878.10268006,0.236748080873355
2007,111,35,934083,228,GADUS CHALCOGRAMMUS,WALLEYE POLLOCK,GOBERGE DE L<92>ALASKA,urn:lsid:marinespecies.org:taxname:300735,15343.2835839314,8874.9696905263,22696.0068063655,0.228305101730903
2007,111,3,165219,235,BOTHROCARA BRUNNEUM,TWOLINE EELPOUT,LYCODE <c0> DEUX LIGNES,urn:lsid:marinespecies.org:taxname:279397,2469.64720634489,0,4884.00333014222,0.488263452568235
2007,111,3,165335,250,CORYPHAENOIDES CINEREUS,POPEYE,GRENADIER CENDR<c9>,urn:lsid:marinespecies.org:taxname:272326,16029.1732912329,2726.932994128,39446.1259744114,0.603943895253269
2007,111,4,165334,251,CORYPHAENOIDES ACROLEPIS,PACIFIC GRENADIER,GRENADIER <c0> <c9>CAILLES RUDES,urn:lsid:marinespecies.org:taxname:272313,14231.5132923911,912.85389328,38451.4693737565,0.756755119465658
2007,111,5,165427,256,ALBATROSSIA PECTORALIS,GIANT GRENADIER,GRENADIER PECTORAL,urn:lsid:marinespecies.org:taxname:236135,29365.9664033742,8793.937508832,55325.7159008442,0.395148322730188
2007,111,1,171659,359,ZAPRORA SILENUS,PROWFISH,ZAPRORA,urn:lsid:marinespecies.org:taxname:254353,342.999237770294,0,1028.99771331088,0.997045711913306
2007,111,61,166706,394,SEBASTES ALEUTIANUS/MELANOSTICTUS COMPLEX,ROUGHEYE/BLACKSPOTTED ROCKFISH COMPLEX,COMPLEXE DES S<c9>BASTES <c0> <8c>IL <c9>PINEUX ET <c0> TACHES NOIRES,unknown,3559733.77392848,1290152.18582468,7196594.05751597,0.45602763002756
2007,111,87,166707,396,SEBASTES ALUTUS,PACIFIC OCEAN PERCH,S<c9>BASTE <c0> LONGUE M<c2>CHOIRE,urn:lsid:marinespecies.org:taxname:254573,7118368.34122071,4970966.39440369,9599167.28096603,0.16999759508568
2007,111,7,166709,400,SEBASTES AURORA,AURORA ROCKFISH,S<c9>BASTE AURORE,urn:lsid:marinespecies.org:taxname:274774,10362.3146115524,1832.77120265823,21683.3043698887,0.504861700060591
2007,111,75,166710,401,SEBASTES BABCOCKI,REDBANDED ROCKFISH,S<c9>BASTE <c0> BANDES ROUGES,urn:lsid:marinespecies.org:taxname:274775,70718.7055787808,48031.1891523727,99116.9558655904,0.187416687215691
2007,111,27,166712,403,SEBASTES BOREALIS,SHORTRAKER ROCKFISH,S<c9>BASTE BOR<c9>AL,urn:lsid:marinespecies.org:taxname:274777,397769.873221025,188203.349294184,615247.844489814,0.282638996231261
2007,111,61,166711,405,SEBASTES BREVISPINIS,SILVERGRAY ROCKFISH,S<c9>BASTE ARGENT<c9>,urn:lsid:marinespecies.org:taxname:274778,1185983.60756193,647907.177951148,1765664.52494166,0.250808331465788
2007,111,4,644604,409,SEBASTES VARIABILIS,DUSKY ROCKFISH,S<c9>BASTE VARIABLE,urn:lsid:marinespecies.org:taxname:398442,1773.91655163382,215.566922424353,3809.68268852287,0.515575267318216
2007,111,5,166715,410,SEBASTES CRAMERI,DARKBLOTCHED ROCKFISH,S<c9>BASTE TACHET<c9>,urn:lsid:marinespecies.org:taxname:274785,6536.28131869106,497.932884204353,16789.9582523149,0.682483907230041
2007,111,15,166716,412,SEBASTES DIPLOPROA,SPLITNOSE ROCKFISH,GUEULE-DE-LOUP,urn:lsid:marinespecies.org:taxname:274787,40627.5434950184,3357.50595326355,88918.5591730871,0.52507304012792
2007,111,18,166717,414,SEBASTES ELONGATUS,GREENSTRIPED ROCKFISH,S<c9>BASTE <c0> RAYURES VERTES,urn:lsid:marinespecies.org:taxname:274788,13509.2351862836,4239.1231511753,25096.8710319251,0.39150714630612
2007,111,22,166719,417,SEBASTES ENTOMELAS,WIDOW ROCKFISH,VEUVE,urn:lsid:marinespecies.org:taxname:274791,31585.7675259036,14169.8853298572,52503.9381631376,0.313832715873016
2007,111,9,166720,418,SEBASTES FLAVIDUS,YELLOWTAIL ROCKFISH,S<c9>BASTE <c0> QUEUE JAUNE,urn:lsid:marinespecies.org:taxname:274795,22258.5449064886,2010.84799981751,58221.2151479069,0.787875512376798
2007,111,68,166723,421,SEBASTES HELVOMACULATUS,ROSETHORN ROCKFISH,S<c9>BASTE ROSAC<c9>,urn:lsid:marinespecies.org:taxname:274799,59308.9979717941,47104.134550159,72008.417334943,0.107627383917936
2007,111,9,166733,435,SEBASTES PAUCISPINIS,BOCACCIO,BOCACCIO,urn:lsid:marinespecies.org:taxname:274833,7964.36031648635,3115.50262300308,13294.7379938187,0.328436751281196
2007,111,4,166734,437,SEBASTES PINNIGER,CANARY ROCKFISH,S<c9>BASTE CANARI,urn:lsid:marinespecies.org:taxname:274836,9749.91876987265,439.183673472294,22185.6546378296,0.545065850902558
2007,111,33,166736,439,SEBASTES PRORIGER,REDSTRIPE ROCKFISH,S<c9>BASTE <c0> RAIE ROUGE,urn:lsid:marinespecies.org:taxname:274838,192282.791509332,37856.5872932755,459638.882178267,0.551235578345614
2007,111,21,166737,440,SEBASTES REEDI,YELLOWMOUTH ROCKFISH,S<c9>BASTE <c0> BOUCHE JAUNE,urn:lsid:marinespecies.org:taxname:274840,340081.595783287,95785.6483155537,672776.653480183,0.431970873779956
2007,111,29,166742,446,SEBASTES VARIEGATUS,HARLEQUIN ROCKFISH,S<c9>BASTE ARLEQUIN,urn:lsid:marinespecies.org:taxname:274863,5281.14725816529,1048.64113283716,12915.3868438421,0.667214613262985
2007,111,64,166744,450,SEBASTES ZACENTRUS,SHARPCHIN ROCKFISH,S<c9>BASTE <c0> MENTON POINTU,urn:lsid:marinespecies.org:taxname:274869,791783.945024833,384396.131902743,1337058.60951476,0.299325003351073
2007,111,99,166783,451,SEBASTOLOBUS ALASCANUS,SHORTSPINE THORNYHEAD,S<c9>BASTOLOBE <c0> COURTES <c9>PINES,urn:lsid:marinespecies.org:taxname:282740,1233833.0696844,995313.168184997,1473433.68978101,0.0998492175085535
2007,111,13,166784,453,SEBASTOLOBUS ALTIVELIS,LONGSPINE THORNYHEAD,S<c9>BASTOLOBE <c0> LONGUES <c9>PINES,urn:lsid:marinespecies.org:taxname:282741,72404.4454535186,33705.3587101876,117408.078625154,0.295104836149906
2007,111,67,167123,455,ANOPLOPOMA FIMBRIA,SABLEFISH,MORUE CHARBONNI<c8>RE,urn:lsid:marinespecies.org:taxname:159463,544215.909169114,362798.886587544,732314.505205312,0.177964893645031
2007,111,26,167116,467,OPHIODON ELONGATUS,LINGCOD,MORUE-LINGUE,urn:lsid:marinespecies.org:taxname:240745,46928.663488429,27710.5159062528,68668.6596241541,0.219151283369546
2007,111,104,172862,602,ATHERESTHES STOMIAS,ARROWTOOTH FLOUNDER,PLIE <c0> GRANDE BOUCHE,urn:lsid:marinespecies.org:taxname:279792,893258.138530384,605282.663906387,1250971.4767536,0.189521973115934
2007,111,5,172866,605,EMBASSICHTHYS BATHYBIUS,DEEPSEA SOLE,PLIE DE PROFONDEUR,urn:lsid:marinespecies.org:taxname:280641,6733.73782499757,2140.44420756867,11635.7949591209,0.354463813910481
2007,111,9,172868,607,EOPSETTA JORDANI,PETRALE SOLE,PLIE DE CALIFORNIE,urn:lsid:marinespecies.org:taxname:280690,3198.38177090953,1033.29326053907,6155.00714968279,0.386590535238273
2007,111,103,172978,610,GLYPTOCEPHALUS ZACHIRUS,REX SOLE,PLIE ROYALE,urn:lsid:marinespecies.org:taxname:274287,212874.283161366,158900.295425662,270863.53126782,0.132293194214192
2007,111,27,172932,614,HIPPOGLOSSUS STENOLEPIS,PACIFIC HALIBUT,FL<c9>TAN DU PACIFIQUE,urn:lsid:marinespecies.org:taxname:274290,45591.6635436032,26353.526253097,68183.6769718414,0.227781674050032
2007,111,30,172871,625,LYOPSETTA EXILIS,SLENDER SOLE,PLIE MINCE,urn:lsid:marinespecies.org:taxname:281452,1311.41474264747,751.163512975188,1985.98400910365,0.236703251171211
2007,111,97,172887,626,MICROSTOMUS PACIFICUS,DOVER SOLE,LIMANDE-SOLE,urn:lsid:marinespecies.org:taxname:274294,541343.685620211,409106.758613625,663893.160609414,0.118155788041936
2007,111,9,172921,628,PAROPHRYS VETULUS,ENGLISH SOLE,CARLOTTIN ANGLAIS,urn:lsid:marinespecies.org:taxname:254393,2510.998723674,710.475191162452,4895.10290606231,0.432329188825854
2008,118,5,159988,38,APRISTURUS BRUNNEUS,BROWN CAT SHARK,HOLBICHE BRUNE,urn:lsid:marinespecies.org:taxname:158512,2574.0366254259,547.672357193903,4995.7299244607,0.440827608327427
2008,118,6,160617,44,SQUALUS SUCKLEYI,NORTH PACIFIC SPINY DOGFISH,AIGUILLAT DU PACIFIQUE,urn:lsid:marinespecies.org:taxname:299224,1612.0359187929,504.855717636295,3014.88315303601,0.403744487128635
2008,118,6,160935,52,BATHYRAJA ALEUTICA,ALEUTIAN SKATE,RAIE AL<c9>UTIENNE,urn:lsid:marinespecies.org:taxname:271506,5710.98869307773,1448.54610563114,10970.2932346815,0.441225772799346
2008,118,8,160942,57,BATHYRAJA TRACHURA,ROUGHTAIL SKATE,RAIE <c0> QUEUE RUDE,urn:lsid:marinespecies.org:taxname:271538,26922.020696954,8653.10233379339,51826.099641472,0.425416129392244
2008,118,11,160937,58,BATHYRAJA INTERRUPTA,SANDPAPER SKATE,RAIE RUGUEUSE,urn:lsid:marinespecies.org:taxname:271515,3481.36398905062,1450.84502889936,5845.44912900436,0.336354470258574
2008,118,42,160851,59,RAJA RHINA,LONGNOSE SKATE,POCHETEAU LONG-NEZ,urn:lsid:marinespecies.org:taxname:271581,76319.8664869297,48737.5421155273,107641.953765297,0.201072088460209
2008,118,76,161015,66,HYDROLAGUS COLLIEI,SPOTTED RATFISH,CHIM<c8>RE D<92>AM<c9>RIQUE,urn:lsid:marinespecies.org:taxname:271406,79193.1814853759,52202.037767313,112651.360688762,0.196564183322212
2008,118,5,161976,112,ONCORHYNCHUS KETA,CHUM SALMON,SAUMON K<c9>TA,urn:lsid:marinespecies.org:taxname:127183,2402.82908091606,581.718469890479,4720.57918764375,0.430724031621329
2008,118,15,164673,220,ANTIMORA MICROLEPIS,PACIFIC FLATNOSE,ANTIMORE <c0> PETITES <c9>CAILLES,urn:lsid:marinespecies.org:taxname:272460,54765.1305231981,15955.6711528551,112474.724570881,0.466292210947854
2008,118,20,164711,222,GADUS MACROCEPHALUS,PACIFIC COD,MORUE DU PACIFIQUE,urn:lsid:marinespecies.org:taxname:254538,12370.2541372188,6368.8046979535,19807.2579691345,0.269415099869877
2008,118,70,164792,225,MERLUCCIUS PRODUCTUS,PACIFIC HAKE,MERLU DU PACIFIQUE,urn:lsid:marinespecies.org:taxname:272458,749266.949966757,480223.476325634,1039719.46397034,0.187061357886768
2008,118,40,934083,228,GADUS CHALCOGRAMMUS,WALLEYE POLLOCK,GOBERGE DE L<92>ALASKA,urn:lsid:marinespecies.org:taxname:300735,33495.3141835131,19868.2141251495,51390.0676782717,0.237863364468903
2008,118,11,165219,235,BOTHROCARA BRUNNEUM,TWOLINE EELPOUT,LYCODE <c0> DEUX LIGNES,urn:lsid:marinespecies.org:taxname:279397,7619.990714658,3297.99129136127,13247.2659435238,0.347669190513009
2008,118,13,165335,250,CORYPHAENOIDES CINEREUS,POPEYE,GRENADIER CENDR<c9>,urn:lsid:marinespecies.org:taxname:272326,214423.750815409,127117.375142327,303108.189345375,0.20569030608295
2008,118,14,165334,251,CORYPHAENOIDES ACROLEPIS,PACIFIC GRENADIER,GRENADIER <c0> <c9>CAILLES RUDES,urn:lsid:marinespecies.org:taxname:272313,611542.235768364,193457.992250278,1048751.8154469,0.359639732556756
2008,118,18,165427,256,ALBATROSSIA PECTORALIS,GIANT GRENADIER,GRENADIER PECTORAL,urn:lsid:marinespecies.org:taxname:236135,364260.20753606,229556.93886488,509466.597361011,0.189620680874394
2008,118,1,171659,359,ZAPRORA SILENUS,PROWFISH,ZAPRORA,urn:lsid:marinespecies.org:taxname:254353,157.20140068631,0,471.60420205893,1.0215514021211
2008,118,57,166706,394,SEBASTES ALEUTIANUS/MELANOSTICTUS COMPLEX,ROUGHEYE/BLACKSPOTTED ROCKFISH COMPLEX,COMPLEXE DES S<c9>BASTES <c0> <8c>IL <c9>PINEUX ET <c0> TACHES NOIRES,unknown,5477241.58031349,2002765.10011788,10805960.7579422,0.444117129573146
2008,118,90,166707,396,SEBASTES ALUTUS,PACIFIC OCEAN PERCH,S<c9>BASTE <c0> LONGUE M<c2>CHOIRE,urn:lsid:marinespecies.org:taxname:254573,7218712.09439902,4555121.91310643,10405496.1200346,0.212678927332105
2008,118,5,166709,400,SEBASTES AURORA,AURORA ROCKFISH,S<c9>BASTE AURORE,urn:lsid:marinespecies.org:taxname:274774,18651.4747934306,2982.55946563129,39058.2431857661,0.481167783627237
2008,118,73,166710,401,SEBASTES BABCOCKI,REDBANDED ROCKFISH,S<c9>BASTE <c0> BANDES ROUGES,urn:lsid:marinespecies.org:taxname:274775,88535.3732163815,58233.2682103708,122683.431790264,0.18813939942681
2008,118,23,166712,403,SEBASTES BOREALIS,SHORTRAKER ROCKFISH,S<c9>BASTE BOR<c9>AL,urn:lsid:marinespecies.org:taxname:274777,312940.008076466,110875.004333652,620626.17173294,0.440564915041852
2008,118,71,166711,405,SEBASTES BREVISPINIS,SILVERGRAY ROCKFISH,S<c9>BASTE ARGENT<c9>,urn:lsid:marinespecies.org:taxname:274778,1042479.58845489,580523.455886571,1659125.39924299,0.260644187662985
2008,118,5,644604,409,SEBASTES VARIABILIS,DUSKY ROCKFISH,S<c9>BASTE VARIABLE,urn:lsid:marinespecies.org:taxname:398442,2956.87671174152,215.555190161183,6818.01472845963,0.635615516073896
2008,118,13,166715,410,SEBASTES CRAMERI,DARKBLOTCHED ROCKFISH,S<c9>BASTE TACHET<c9>,urn:lsid:marinespecies.org:taxname:274785,83184.1414252228,10714.1444268688,178528.661037906,0.503367628695339
2008,118,18,166716,412,SEBASTES DIPLOPROA,SPLITNOSE ROCKFISH,GUEULE-DE-LOUP,urn:lsid:marinespecies.org:taxname:274787,5171.14296499512,1410.05227750661,10642.4840313136,0.446771857917852
2008,118,26,166717,414,SEBASTES ELONGATUS,GREENSTRIPED ROCKFISH,S<c9>BASTE <c0> RAYURES VERTES,urn:lsid:marinespecies.org:taxname:274788,18226.2775872735,8038.53415506112,31148.4717458237,0.334017852479924
2008,118,24,166719,417,SEBASTES ENTOMELAS,WIDOW ROCKFISH,VEUVE,urn:lsid:marinespecies.org:taxname:274791,90202.5092412221,12315.9266037639,201328.138194516,0.564130954138424
2008,118,6,166720,418,SEBASTES FLAVIDUS,YELLOWTAIL ROCKFISH,S<c9>BASTE <c0> QUEUE JAUNE,urn:lsid:marinespecies.org:taxname:274795,4096.8656660387,830.535391458745,8796.85582933515,0.52054441802016
2008,118,69,166723,421,SEBASTES HELVOMACULATUS,ROSETHORN ROCKFISH,S<c9>BASTE ROSAC<c9>,urn:lsid:marinespecies.org:taxname:274799,72810.4927435948,49109.6598249921,99439.3912219276,0.177643663339919
2008,118,12,166733,435,SEBASTES PAUCISPINIS,BOCACCIO,BOCACCIO,urn:lsid:marinespecies.org:taxname:274833,10171.0121870633,4641.1384046685,16109.7807297467,0.301240981768236
2008,118,8,166734,437,SEBASTES PINNIGER,CANARY ROCKFISH,S<c9>BASTE CANARI,urn:lsid:marinespecies.org:taxname:274836,2690.74613634794,850.904128552958,5007.99199226657,0.388780613162467
2008,118,39,166736,439,SEBASTES PRORIGER,REDSTRIPE ROCKFISH,S<c9>BASTE <c0> RAIE ROUGE,urn:lsid:marinespecies.org:taxname:274838,488473.856642231,125511.980705172,922528.831098599,0.428762821275605
2008,118,25,166737,440,SEBASTES REEDI,YELLOWMOUTH ROCKFISH,S<c9>BASTE <c0> BOUCHE JAUNE,urn:lsid:marinespecies.org:taxname:274840,229179.987491956,44448.0446909755,486860.668878328,0.542287307136722
2008,118,44,166742,446,SEBASTES VARIEGATUS,HARLEQUIN ROCKFISH,S<c9>BASTE ARLEQUIN,urn:lsid:marinespecies.org:taxname:274863,15045.0947096958,2701.39827323344,32698.4940309843,0.511274447237875
2008,118,68,166744,450,SEBASTES ZACENTRUS,SHARPCHIN ROCKFISH,S<c9>BASTE <c0> MENTON POINTU,urn:lsid:marinespecies.org:taxname:274869,1370853.87852741,409300.181909279,2745217.31034149,0.447592560038727
2008,118,105,166783,451,SEBASTOLOBUS ALASCANUS,SHORTSPINE THORNYHEAD,S<c9>BASTOLOBE <c0> COURTES <c9>PINES,urn:lsid:marinespecies.org:taxname:282740,1059649.90753831,862440.49394915,1281722.52609345,0.097954643464055
2008,118,17,166784,453,SEBASTOLOBUS ALTIVELIS,LONGSPINE THORNYHEAD,S<c9>BASTOLOBE <c0> LONGUES <c9>PINES,urn:lsid:marinespecies.org:taxname:282741,270236.330803557,191048.68548752,349827.694263559,0.151413190540136
2008,118,73,167123,455,ANOPLOPOMA FIMBRIA,SABLEFISH,MORUE CHARBONNI<c8>RE,urn:lsid:marinespecies.org:taxname:159463,1359087.31805712,1001305.94517947,1803837.17400819,0.151395432143555
2008,118,22,167116,467,OPHIODON ELONGATUS,LINGCOD,MORUE-LINGUE,urn:lsid:marinespecies.org:taxname:240745,48218.9912827081,19349.6347726494,88296.747907486,0.372185919636581
2008,118,104,172862,602,ATHERESTHES STOMIAS,ARROWTOOTH FLOUNDER,PLIE <c0> GRANDE BOUCHE,urn:lsid:marinespecies.org:taxname:279792,1020259.56718187,655534.423972089,1475713.04329081,0.200806274268346
2008,118,10,172866,605,EMBASSICHTHYS BATHYBIUS,DEEPSEA SOLE,PLIE DE PROFONDEUR,urn:lsid:marinespecies.org:taxname:280641,4330.00283117494,2031.33210386111,6933.91627190979,0.29028324903363
2008,118,17,172868,607,EOPSETTA JORDANI,PETRALE SOLE,PLIE DE CALIFORNIE,urn:lsid:marinespecies.org:taxname:280690,7070.4595241151,1939.38087431021,16113.2373116297,0.564783540722719
2008,118,100,172978,610,GLYPTOCEPHALUS ZACHIRUS,REX SOLE,PLIE ROYALE,urn:lsid:marinespecies.org:taxname:274287,169582.653830313,126866.504892391,215105.282524921,0.129126678821967
2008,118,25,172932,614,HIPPOGLOSSUS STENOLEPIS,PACIFIC HALIBUT,FL<c9>TAN DU PACIFIQUE,urn:lsid:marinespecies.org:taxname:274290,39946.7718464568,20608.8502630512,68131.4846863473,0.302617209630672
2008,118,37,172871,625,LYOPSETTA EXILIS,SLENDER SOLE,PLIE MINCE,urn:lsid:marinespecies.org:taxname:281452,1390.5900078291,864.640520181507,1975.54554040081,0.203384248003574
2008,118,101,172887,626,MICROSTOMUS PACIFICUS,DOVER SOLE,LIMANDE-SOLE,urn:lsid:marinespecies.org:taxname:274294,438715.439479765,326583.190276256,563993.673098644,0.137338750176214
2008,118,19,172921,628,PAROPHRYS VETULUS,ENGLISH SOLE,CARLOTTIN ANGLAIS,urn:lsid:marinespecies.org:taxname:254393,4328.59107910006,1543.20280157753,8200.55078260843,0.392625924849196
2010,129,4,159988,38,APRISTURUS BRUNNEUS,BROWN CAT SHARK,HOLBICHE BRUNE,urn:lsid:marinespecies.org:taxname:158512,1748.58516970522,149.831268912552,4069.95547592954,0.58959227362827
2010,129,28,160617,44,SQUALUS SUCKLEYI,NORTH PACIFIC SPINY DOGFISH,AIGUILLAT DU PACIFIQUE,urn:lsid:marinespecies.org:taxname:299224,7586.89062569289,4300.96724584708,11548.393368267,0.237129079083733
2010,129,9,160935,52,BATHYRAJA ALEUTICA,ALEUTIAN SKATE,RAIE AL<c9>UTIENNE,urn:lsid:marinespecies.org:taxname:271506,9767.54375344456,2355.90348486856,20183.6167522907,0.475077405182554
2010,129,3,160942,57,BATHYRAJA TRACHURA,ROUGHTAIL SKATE,RAIE <c0> QUEUE RUDE,urn:lsid:marinespecies.org:taxname:271538,6296.01423634667,548.445559610667,14268.2531038907,0.586678479503378
2010,129,18,160937,58,BATHYRAJA INTERRUPTA,SANDPAPER SKATE,RAIE RUGUEUSE,urn:lsid:marinespecies.org:taxname:271515,11497.5304961124,5697.73603715961,20027.7884659298,0.31555187760866
2010,129,34,160851,59,RAJA RHINA,LONGNOSE SKATE,POCHETEAU LONG-NEZ,urn:lsid:marinespecies.org:taxname:271581,46725.2682186703,31590.4861796457,63413.6075890814,0.175777465981827
2010,129,57,161015,66,HYDROLAGUS COLLIEI,SPOTTED RATFISH,CHIM<c8>RE D<92>AM<c9>RIQUE,urn:lsid:marinespecies.org:taxname:271406,24086.2524533357,14926.4727709377,35747.0691297051,0.220963187852572
2010,129,5,161976,112,ONCORHYNCHUS KETA,CHUM SALMON,SAUMON K<c9>TA,urn:lsid:marinespecies.org:taxname:127183,1848.273107674,375.394166559512,3713.25190810186,0.44935966470943
2010,129,5,164673,220,ANTIMORA MICROLEPIS,PACIFIC FLATNOSE,ANTIMORE <c0> PETITES <c9>CAILLES,urn:lsid:marinespecies.org:taxname:272460,5756.02480922867,122.584730228541,16423.6339022959,0.863797895883126
2010,129,27,164711,222,GADUS MACROCEPHALUS,PACIFIC COD,MORUE DU PACIFIQUE,urn:lsid:marinespecies.org:taxname:254538,21396.9832604443,7588.23328671864,43878.5320706253,0.462894818119126
2010,129,77,164792,225,MERLUCCIUS PRODUCTUS,PACIFIC HAKE,MERLU DU PACIFIQUE,urn:lsid:marinespecies.org:taxname:272458,445409.220034976,275847.698520127,656996.182080987,0.223399512035299
2010,129,66,934083,228,GADUS CHALCOGRAMMUS,WALLEYE POLLOCK,GOBERGE DE L<92>ALASKA,urn:lsid:marinespecies.org:taxname:300735,37485.3836858039,24815.1912954713,51721.0582140247,0.186906380128459
2010,129,2,165219,235,BOTHROCARA BRUNNEUM,TWOLINE EELPOUT,LYCODE <c0> DEUX LIGNES,urn:lsid:marinespecies.org:taxname:279397,1533.657131282,0,3630.11553585933,0.664442484540695
2010,129,9,165335,250,CORYPHAENOIDES CINEREUS,POPEYE,GRENADIER CENDR<c9>,urn:lsid:marinespecies.org:taxname:272326,28505.0983781733,13324.0151277795,50155.6003876417,0.325064560438474
2010,129,12,165334,251,CORYPHAENOIDES ACROLEPIS,PACIFIC GRENADIER,GRENADIER <c0> <c9>CAILLES RUDES,urn:lsid:marinespecies.org:taxname:272313,352060.043008255,43093.08308054,941820.864559233,0.791928846457181
2010,129,13,165427,256,ALBATROSSIA PECTORALIS,GIANT GRENADIER,GRENADIER PECTORAL,urn:lsid:marinespecies.org:taxname:236135,168304.403728866,101303.615637163,256271.47595433,0.228512636072724
2010,129,2,171659,359,ZAPRORA SILENUS,PROWFISH,ZAPRORA,urn:lsid:marinespecies.org:taxname:254353,1467.12427627525,0,3865.36738354667,0.716908100183628
2010,129,57,166706,394,SEBASTES ALEUTIANUS/MELANOSTICTUS COMPLEX,ROUGHEYE/BLACKSPOTTED ROCKFISH COMPLEX,COMPLEXE DES S<c9>BASTES <c0> <8c>IL <c9>PINEUX ET <c0> TACHES NOIRES,unknown,1132126.05991083,473486.490163801,2007584.4895868,0.338953948100678
2010,129,95,166707,396,SEBASTES ALUTUS,PACIFIC OCEAN PERCH,S<c9>BASTE <c0> LONGUE M<c2>CHOIRE,urn:lsid:marinespecies.org:taxname:254573,3652137.46403066,2732297.97720416,4642663.65198336,0.135532446596382
2010,129,7,166709,400,SEBASTES AURORA,AURORA ROCKFISH,S<c9>BASTE AURORE,urn:lsid:marinespecies.org:taxname:274774,3423.39368187448,878.881873079399,6948.75399967115,0.447231831314277
2010,129,83,166710,401,SEBASTES BABCOCKI,REDBANDED ROCKFISH,S<c9>BASTE <c0> BANDES ROUGES,urn:lsid:marinespecies.org:taxname:274775,96958.576811537,67730.6735887555,129558.988713004,0.158995986118635
2010,129,26,166712,403,SEBASTES BOREALIS,SHORTRAKER ROCKFISH,S<c9>BASTE BOR<c9>AL,urn:lsid:marinespecies.org:taxname:274777,236117.030554879,110970.121341443,377018.755258691,0.286243015564684
2010,129,83,166711,405,SEBASTES BREVISPINIS,SILVERGRAY ROCKFISH,S<c9>BASTE ARGENT<c9>,urn:lsid:marinespecies.org:taxname:274778,551710.552397387,290719.807932502,903519.970866667,0.291445835297664
2010,129,1,644604,409,SEBASTES VARIABILIS,DUSKY ROCKFISH,S<c9>BASTE VARIABLE,urn:lsid:marinespecies.org:taxname:398442,257.518292682927,0,772.554878048781,0.972109783564934
2010,129,8,166715,410,SEBASTES CRAMERI,DARKBLOTCHED ROCKFISH,S<c9>BASTE TACHET<c9>,urn:lsid:marinespecies.org:taxname:274785,3591.53420907834,572.503977178126,8137.26877761137,0.539960296436409
2010,129,14,166716,412,SEBASTES DIPLOPROA,SPLITNOSE ROCKFISH,GUEULE-DE-LOUP,urn:lsid:marinespecies.org:taxname:274787,63545.6362249278,19461.5457267511,119573.227344674,0.397039789185677
2010,129,24,166717,414,SEBASTES ELONGATUS,GREENSTRIPED ROCKFISH,S<c9>BASTE <c0> RAYURES VERTES,urn:lsid:marinespecies.org:taxname:274788,14955.6011891028,6330.06303325219,25638.9060269782,0.338573633559851
2010,129,19,166719,417,SEBASTES ENTOMELAS,WIDOW ROCKFISH,VEUVE,urn:lsid:marinespecies.org:taxname:274791,18646.7560704569,4427.28014101881,42368.0853184718,0.549526533457157
2010,129,12,166720,418,SEBASTES FLAVIDUS,YELLOWTAIL ROCKFISH,S<c9>BASTE <c0> QUEUE JAUNE,urn:lsid:marinespecies.org:taxname:274795,10495.3011510327,3387.84480659731,20032.9851738208,0.406865669735845
2010,129,77,166723,421,SEBASTES HELVOMACULATUS,ROSETHORN ROCKFISH,S<c9>BASTE ROSAC<c9>,urn:lsid:marinespecies.org:taxname:274799,58148.4823771558,45496.1054732049,72770.8026076382,0.11934572503793
2010,129,9,166733,435,SEBASTES PAUCISPINIS,BOCACCIO,BOCACCIO,urn:lsid:marinespecies.org:taxname:274833,6732.6462653592,2271.1926323719,11750.2086220437,0.363137314374068
2010,129,5,166734,437,SEBASTES PINNIGER,CANARY ROCKFISH,S<c9>BASTE CANARI,urn:lsid:marinespecies.org:taxname:274836,12258.1840719097,354.03737738878,32895.9983740815,0.770482764557248
2010,129,47,166736,439,SEBASTES PRORIGER,REDSTRIPE ROCKFISH,S<c9>BASTE <c0> RAIE ROUGE,urn:lsid:marinespecies.org:taxname:274838,276911.373000833,100609.929431652,490649.127246764,0.365893995717484
2010,129,22,166737,440,SEBASTES REEDI,YELLOWMOUTH ROCKFISH,S<c9>BASTE <c0> BOUCHE JAUNE,urn:lsid:marinespecies.org:taxname:274840,46951.5967650891,15808.5278062398,86938.0876361578,0.376664845517452
2010,129,26,166742,446,SEBASTES VARIEGATUS,HARLEQUIN ROCKFISH,S<c9>BASTE ARLEQUIN,urn:lsid:marinespecies.org:taxname:274863,53970.9159190866,5574.50021594817,126295.48391579,0.545156386106971
2010,129,70,166744,450,SEBASTES ZACENTRUS,SHARPCHIN ROCKFISH,S<c9>BASTE <c0> MENTON POINTU,urn:lsid:marinespecies.org:taxname:274869,872596.904315656,519319.183548071,1324391.27789175,0.229612443569839
2010,129,120,166783,451,SEBASTOLOBUS ALASCANUS,SHORTSPINE THORNYHEAD,S<c9>BASTOLOBE <c0> COURTES <c9>PINES,urn:lsid:marinespecies.org:taxname:282740,990974.10813271,794148.626534907,1225121.58627272,0.112776454799879
2010,129,22,166784,453,SEBASTOLOBUS ALTIVELIS,LONGSPINE THORNYHEAD,S<c9>BASTOLOBE <c0> LONGUES <c9>PINES,urn:lsid:marinespecies.org:taxname:282741,426167.419724945,284703.86520201,604536.723602585,0.191645408681705
2010,129,82,167123,455,ANOPLOPOMA FIMBRIA,SABLEFISH,MORUE CHARBONNI<c8>RE,urn:lsid:marinespecies.org:taxname:159463,1046758.89577883,679065.153923234,1538572.65959004,0.208094210956395
2010,129,18,167116,467,OPHIODON ELONGATUS,LINGCOD,MORUE-LINGUE,urn:lsid:marinespecies.org:taxname:240745,23756.8620235715,9179.40451420367,44683.2755153844,0.386030199486366
2010,129,115,172862,602,ATHERESTHES STOMIAS,ARROWTOOTH FLOUNDER,PLIE <c0> GRANDE BOUCHE,urn:lsid:marinespecies.org:taxname:279792,613826.518853199,398405.491338006,940224.123050827,0.228627353070097
2010,129,1,172866,605,EMBASSICHTHYS BATHYBIUS,DEEPSEA SOLE,PLIE DE PROFONDEUR,urn:lsid:marinespecies.org:taxname:280641,559.811827964667,0,1679.435483894,0.970783282696518
2010,129,8,172868,607,EOPSETTA JORDANI,PETRALE SOLE,PLIE DE CALIFORNIE,urn:lsid:marinespecies.org:taxname:280690,5787.28424554829,304.358619377137,16693.8153521966,0.938255126118419
2010,129,104,172978,610,GLYPTOCEPHALUS ZACHIRUS,REX SOLE,PLIE ROYALE,urn:lsid:marinespecies.org:taxname:274287,91339.1514185998,70395.3686731861,115238.262306779,0.127919055379229
2010,129,20,172932,614,HIPPOGLOSSUS STENOLEPIS,PACIFIC HALIBUT,FL<c9>TAN DU PACIFIQUE,urn:lsid:marinespecies.org:taxname:274290,22405.1544609535,10878.9149331914,38304.4036288657,0.316458351517145
2010,129,58,172871,625,LYOPSETTA EXILIS,SLENDER SOLE,PLIE MINCE,urn:lsid:marinespecies.org:taxname:281452,2806.90256045667,1841.18991588758,4095.61303484297,0.206294741386616
2010,129,104,172887,626,MICROSTOMUS PACIFICUS,DOVER SOLE,LIMANDE-SOLE,urn:lsid:marinespecies.org:taxname:274294,307533.584165532,224206.059834116,401939.537263372,0.148649092062116
2010,129,13,172921,628,PAROPHRYS VETULUS,ENGLISH SOLE,CARLOTTIN ANGLAIS,urn:lsid:marinespecies.org:taxname:254393,2196.87316686963,883.881534717939,4204.4439956486,0.378529320523787
2012,130,1,159988,38,APRISTURUS BRUNNEUS,BROWN CAT SHARK,HOLBICHE BRUNE,urn:lsid:marinespecies.org:taxname:158512,158.309681505429,0,474.929044516286,0.974225819049826
2012,130,20,160617,44,SQUALUS SUCKLEYI,NORTH PACIFIC SPINY DOGFISH,AIGUILLAT DU PACIFIQUE,urn:lsid:marinespecies.org:taxname:299224,6619.39691285999,3132.27283730978,10992.7404536801,0.298661041882987
2012,130,6,160935,52,BATHYRAJA ALEUTICA,ALEUTIAN SKATE,RAIE AL<c9>UTIENNE,urn:lsid:marinespecies.org:taxname:271506,10763.649222882,2380.66813809872,22005.3746939538,0.502024261165052
2012,130,14,160942,57,BATHYRAJA TRACHURA,ROUGHTAIL SKATE,RAIE <c0> QUEUE RUDE,urn:lsid:marinespecies.org:taxname:271538,35628.2502422471,16509.9110550786,61157.4827993299,0.319843512780178
2012,130,13,160937,58,BATHYRAJA INTERRUPTA,SANDPAPER SKATE,RAIE RUGUEUSE,urn:lsid:marinespecies.org:taxname:271515,3833.10308035979,1853.88509336852,6063.95087433933,0.276463491962031
2012,130,31,160851,59,RAJA RHINA,LONGNOSE SKATE,POCHETEAU LONG-NEZ,urn:lsid:marinespecies.org:taxname:271581,55426.4921589904,33179.1335095806,83173.9572238674,0.232086625552488
2012,130,54,161015,66,HYDROLAGUS COLLIEI,SPOTTED RATFISH,CHIM<c8>RE D<92>AM<c9>RIQUE,urn:lsid:marinespecies.org:taxname:271406,28800.7986219212,15539.9763269993,47969.4408959909,0.30074887917496
2012,130,11,161976,112,ONCORHYNCHUS KETA,CHUM SALMON,SAUMON K<c9>TA,urn:lsid:marinespecies.org:taxname:127183,7318.75303810007,3270.81027891854,11823.2707447837,0.301523382581174
2012,130,16,164673,220,ANTIMORA MICROLEPIS,PACIFIC FLATNOSE,ANTIMORE <c0> PETITES <c9>CAILLES,urn:lsid:marinespecies.org:taxname:272460,33066.218433536,12500.7083826842,55150.2156522809,0.33860414172667
2012,130,34,164711,222,GADUS MACROCEPHALUS,PACIFIC COD,MORUE DU PACIFIQUE,urn:lsid:marinespecies.org:taxname:254538,39752.6800176526,19824.6130235205,68570.0791376669,0.312280641498129
2012,130,47,164792,225,MERLUCCIUS PRODUCTUS,PACIFIC HAKE,MERLU DU PACIFIQUE,urn:lsid:marinespecies.org:taxname:272458,368700.220916353,203808.248592797,581821.355504426,0.262279240139244
2012,130,67,934083,228,GADUS CHALCOGRAMMUS,WALLEYE POLLOCK,GOBERGE DE L<92>ALASKA,urn:lsid:marinespecies.org:taxname:300735,64283.8978736122,39502.5390949788,93623.4253137902,0.219674559325139
2012,130,6,165219,235,BOTHROCARA BRUNNEUM,TWOLINE EELPOUT,LYCODE <c0> DEUX LIGNES,urn:lsid:marinespecies.org:taxname:279397,5646.2658910345,949.373633540129,11427.1502959951,0.501546663207593
2012,130,22,165335,250,CORYPHAENOIDES CINEREUS,POPEYE,GRENADIER CENDR<c9>,urn:lsid:marinespecies.org:taxname:272326,252984.345999849,89418.3698423877,496235.820926428,0.448655445950126
2012,130,23,165334,251,CORYPHAENOIDES ACROLEPIS,PACIFIC GRENADIER,GRENADIER <c0> <c9>CAILLES RUDES,urn:lsid:marinespecies.org:taxname:272313,461319.471133484,326415.408657168,602521.069089447,0.148627319055791
2012,130,22,165427,256,ALBATROSSIA PECTORALIS,GIANT GRENADIER,GRENADIER PECTORAL,urn:lsid:marinespecies.org:taxname:236135,321519.641389251,207084.972213373,459846.515525474,0.205797930138086
2012,130,3,171659,359,ZAPRORA SILENUS,PROWFISH,ZAPRORA,urn:lsid:marinespecies.org:taxname:254353,1304.35956717016,0,3311.83147934547,0.694919979702945
2012,130,66,166706,394,SEBASTES ALEUTIANUS/MELANOSTICTUS COMPLEX,ROUGHEYE/BLACKSPOTTED ROCKFISH COMPLEX,COMPLEXE DES S<c9>BASTES <c0> <8c>IL <c9>PINEUX ET <c0> TACHES NOIRES,unknown,3663800.05029497,1773794.19516055,6183450.66663695,0.309586155133593
2012,130,86,166707,396,SEBASTES ALUTUS,PACIFIC OCEAN PERCH,S<c9>BASTE <c0> LONGUE M<c2>CHOIRE,urn:lsid:marinespecies.org:taxname:254573,6691404.72007225,4791605.87896305,9139849.68630032,0.165725957870657
2012,130,6,166709,400,SEBASTES AURORA,AURORA ROCKFISH,S<c9>BASTE AURORE,urn:lsid:marinespecies.org:taxname:274774,4490.57427919031,943.355047629495,9427.85741553453,0.506709546133599
2012,130,83,166710,401,SEBASTES BABCOCKI,REDBANDED ROCKFISH,S<c9>BASTE <c0> BANDES ROUGES,urn:lsid:marinespecies.org:taxname:274775,77112.7561150232,50247.9377725131,107601.68212796,0.190573027331144
2012,130,22,166712,403,SEBASTES BOREALIS,SHORTRAKER ROCKFISH,S<c9>BASTE BOR<c9>AL,urn:lsid:marinespecies.org:taxname:274777,229282.997869662,73736.2208280351,464220.393417747,0.448018975783068
2012,130,75,166711,405,SEBASTES BREVISPINIS,SILVERGRAY ROCKFISH,S<c9>BASTE ARGENT<c9>,urn:lsid:marinespecies.org:taxname:274778,1294428.74040554,755311.024190745,1904959.58123595,0.2342592305975
2012,130,9,644604,409,SEBASTES VARIABILIS,DUSKY ROCKFISH,S<c9>BASTE VARIABLE,urn:lsid:marinespecies.org:taxname:398442,15829.6744182663,857.774698514986,44545.6512135594,0.89889814915457
2012,130,6,166715,410,SEBASTES CRAMERI,DARKBLOTCHED ROCKFISH,S<c9>BASTE TACHET<c9>,urn:lsid:marinespecies.org:taxname:274785,7753.36520035843,660.947657449114,17475.8877232089,0.570239846836497
2012,130,16,166716,412,SEBASTES DIPLOPROA,SPLITNOSE ROCKFISH,GUEULE-DE-LOUP,urn:lsid:marinespecies.org:taxname:274787,142463.632226353,1914.63939317542,358509.994814566,0.646281722576739
2012,130,25,166717,414,SEBASTES ELONGATUS,GREENSTRIPED ROCKFISH,S<c9>BASTE <c0> RAYURES VERTES,urn:lsid:marinespecies.org:taxname:274788,14288.5567084996,6390.10909782844,24601.1071204563,0.314336589892692
2012,130,21,166719,417,SEBASTES ENTOMELAS,WIDOW ROCKFISH,VEUVE,urn:lsid:marinespecies.org:taxname:274791,107148.292380391,26896.295056419,217258.354100234,0.477848846155972
2012,130,13,166720,418,SEBASTES FLAVIDUS,YELLOWTAIL ROCKFISH,S<c9>BASTE <c0> QUEUE JAUNE,urn:lsid:marinespecies.org:taxname:274795,13994.7641104034,2822.79750658316,29565.8460634191,0.504626481544975
2012,130,76,166723,421,SEBASTES HELVOMACULATUS,ROSETHORN ROCKFISH,S<c9>BASTE ROSAC<c9>,urn:lsid:marinespecies.org:taxname:274799,62343.7360464683,47336.5020814409,82627.1257498245,0.143406611282563
2012,130,8,166733,435,SEBASTES PAUCISPINIS,BOCACCIO,BOCACCIO,urn:lsid:marinespecies.org:taxname:274833,8074.73236790266,2667.91516809764,14331.559986385,0.37435385408156
2012,130,12,166734,437,SEBASTES PINNIGER,CANARY ROCKFISH,S<c9>BASTE CANARI,urn:lsid:marinespecies.org:taxname:274836,37195.2627279714,10793.9299935399,71866.7805338444,0.423608120690025
2012,130,39,166736,439,SEBASTES PRORIGER,REDSTRIPE ROCKFISH,S<c9>BASTE <c0> RAIE ROUGE,urn:lsid:marinespecies.org:taxname:274838,641423.4562293,176205.417764298,1352908.92492236,0.483144618705483
2012,130,24,166737,440,SEBASTES REEDI,YELLOWMOUTH ROCKFISH,S<c9>BASTE <c0> BOUCHE JAUNE,urn:lsid:marinespecies.org:taxname:274840,1027897.98496458,397749.257437906,1791006.88977439,0.347985864779606
2012,130,37,166742,446,SEBASTES VARIEGATUS,HARLEQUIN ROCKFISH,S<c9>BASTE ARLEQUIN,urn:lsid:marinespecies.org:taxname:274863,40439.7510011487,9759.34827575434,83225.0199317609,0.486880007590865
2012,130,67,166744,450,SEBASTES ZACENTRUS,SHARPCHIN ROCKFISH,S<c9>BASTE <c0> MENTON POINTU,urn:lsid:marinespecies.org:taxname:274869,1458434.65787764,529937.69252332,2819585.73474201,0.404397009615995
2012,130,116,166783,451,SEBASTOLOBUS ALASCANUS,SHORTSPINE THORNYHEAD,S<c9>BASTOLOBE <c0> COURTES <c9>PINES,urn:lsid:marinespecies.org:taxname:282740,965209.125661751,805472.127020423,1128342.15898917,0.087825845047932
2012,130,26,166784,453,SEBASTOLOBUS ALTIVELIS,LONGSPINE THORNYHEAD,S<c9>BASTOLOBE <c0> LONGUES <c9>PINES,urn:lsid:marinespecies.org:taxname:282741,285356.540593539,208001.022908399,358778.440921444,0.135712472999034
2012,130,69,167123,455,ANOPLOPOMA FIMBRIA,SABLEFISH,MORUE CHARBONNI<c8>RE,urn:lsid:marinespecies.org:taxname:159463,1126414.88163179,717370.656056024,1574854.51796775,0.19491554201959
2012,130,23,167116,467,OPHIODON ELONGATUS,LINGCOD,MORUE-LINGUE,urn:lsid:marinespecies.org:taxname:240745,30353.0468445302,18301.8139546297,45100.060425784,0.22346773011665
2012,130,104,172862,602,ATHERESTHES STOMIAS,ARROWTOOTH FLOUNDER,PLIE <c0> GRANDE BOUCHE,urn:lsid:marinespecies.org:taxname:279792,408476.122616115,281204.3272018,575931.525041434,0.184245555463113
2012,130,4,172866,605,EMBASSICHTHYS BATHYBIUS,DEEPSEA SOLE,PLIE DE PROFONDEUR,urn:lsid:marinespecies.org:taxname:280641,2368.5560700638,214.7784888928,5597.14381012383,0.575530927325753
2012,130,17,172868,607,EOPSETTA JORDANI,PETRALE SOLE,PLIE DE CALIFORNIE,urn:lsid:marinespecies.org:taxname:280690,10647.1381612232,1820.10692250678,26317.6611150221,0.706185111130391
2012,130,99,172978,610,GLYPTOCEPHALUS ZACHIRUS,REX SOLE,PLIE ROYALE,urn:lsid:marinespecies.org:taxname:274287,110097.506262673,78391.962605372,144724.562751394,0.152300885978127
2012,130,45,172932,614,HIPPOGLOSSUS STENOLEPIS,PACIFIC HALIBUT,FL<c9>TAN DU PACIFIQUE,urn:lsid:marinespecies.org:taxname:274290,100808.155905988,59797.9921231264,150017.675985169,0.223786026320972
2012,130,27,172871,625,LYOPSETTA EXILIS,SLENDER SOLE,PLIE MINCE,urn:lsid:marinespecies.org:taxname:281452,776.452379216624,426.969244706466,1219.37887093331,0.261943921588223
2012,130,92,172887,626,MICROSTOMUS PACIFICUS,DOVER SOLE,LIMANDE-SOLE,urn:lsid:marinespecies.org:taxname:274294,179984.080920621,128671.150637787,236503.403849652,0.154219143749278
2012,130,5,172921,628,PAROPHRYS VETULUS,ENGLISH SOLE,CARLOTTIN ANGLAIS,urn:lsid:marinespecies.org:taxname:254393,2377.32904751721,100.335655821158,6646.02005495931,0.84494346632902
2016,111,2,159988,38,APRISTURUS BRUNNEUS,BROWN CAT SHARK,HOLBICHE BRUNE,urn:lsid:marinespecies.org:taxname:158512,2245.9011634752,0,6287.89028851926,0.784150141499614
2016,111,43,160617,44,SQUALUS SUCKLEYI,NORTH PACIFIC SPINY DOGFISH,AIGUILLAT DU PACIFIQUE,urn:lsid:marinespecies.org:taxname:299224,28036.6602502469,18648.5862976851,38297.4300725926,0.178734237873456
2016,111,6,160935,52,BATHYRAJA ALEUTICA,ALEUTIAN SKATE,RAIE AL<c9>UTIENNE,urn:lsid:marinespecies.org:taxname:271506,14052.5584804163,3398.62375903882,27695.6084005182,0.438359304163234
2016,111,11,160942,57,BATHYRAJA TRACHURA,ROUGHTAIL SKATE,RAIE <c0> QUEUE RUDE,urn:lsid:marinespecies.org:taxname:271538,85389.1068459033,21874.08594836,160484.614289018,0.418314796457856
2016,111,11,160937,58,BATHYRAJA INTERRUPTA,SANDPAPER SKATE,RAIE RUGUEUSE,urn:lsid:marinespecies.org:taxname:271515,8030.77724677746,3064.56122604541,14216.9593616473,0.353498851785256
2016,111,32,160851,59,RAJA RHINA,LONGNOSE SKATE,POCHETEAU LONG-NEZ,urn:lsid:marinespecies.org:taxname:271581,61598.8335249517,42256.2558816447,82921.0399592326,0.168120616810365
2016,111,59,161015,66,HYDROLAGUS COLLIEI,SPOTTED RATFISH,CHIM<c8>RE D<92>AM<c9>RIQUE,urn:lsid:marinespecies.org:taxname:271406,41822.0395601692,24441.6763540756,65404.9545249698,0.250466620056906
2016,111,1,161976,112,ONCORHYNCHUS KETA,CHUM SALMON,SAUMON K<c9>TA,urn:lsid:marinespecies.org:taxname:127183,607.886457005765,0,1823.65937101729,1.05289496262242
2016,111,10,164673,220,ANTIMORA MICROLEPIS,PACIFIC FLATNOSE,ANTIMORE <c0> PETITES <c9>CAILLES,urn:lsid:marinespecies.org:taxname:272460,29890.9515500072,8895.59465432648,62832.8268872078,0.481975140465937
2016,111,41,164711,222,GADUS MACROCEPHALUS,PACIFIC COD,MORUE DU PACIFIQUE,urn:lsid:marinespecies.org:taxname:254538,30428.8114723598,21227.8471992515,41191.9358338894,0.164671505747488
2016,111,33,164792,225,MERLUCCIUS PRODUCTUS,PACIFIC HAKE,MERLU DU PACIFIQUE,urn:lsid:marinespecies.org:taxname:272458,181336.033383043,114134.681936902,262786.003289764,0.212022807176368
2016,111,40,934083,228,GADUS CHALCOGRAMMUS,WALLEYE POLLOCK,GOBERGE DE L<92>ALASKA,urn:lsid:marinespecies.org:taxname:300735,61049.0946044709,17020.8790393265,150185.358264624,0.611841231469148
2016,111,11,165219,235,BOTHROCARA BRUNNEUM,TWOLINE EELPOUT,LYCODE <c0> DEUX LIGNES,urn:lsid:marinespecies.org:taxname:279397,35301.4968526808,20105.5050847749,53906.5316384281,0.243403085492212
2016,111,12,165335,250,CORYPHAENOIDES CINEREUS,POPEYE,GRENADIER CENDR<c9>,urn:lsid:marinespecies.org:taxname:272326,186533.402575526,92531.1282391549,319503.100526272,0.306351507524015
2016,111,14,165334,251,CORYPHAENOIDES ACROLEPIS,PACIFIC GRENADIER,GRENADIER <c0> <c9>CAILLES RUDES,urn:lsid:marinespecies.org:taxname:272313,878031.487493746,455396.963970982,1409388.20562124,0.270398590413285
2016,111,15,165427,256,ALBATROSSIA PECTORALIS,GIANT GRENADIER,GRENADIER PECTORAL,urn:lsid:marinespecies.org:taxname:236135,679391.0822521,424910.298420096,924920.947143344,0.191824504176261
2016,111,6,171659,359,ZAPRORA SILENUS,PROWFISH,ZAPRORA,urn:lsid:marinespecies.org:taxname:254353,2780.70417706039,542.682357069748,5920.0756787858,0.494598600694803
2016,111,49,166706,394,SEBASTES ALEUTIANUS/MELANOSTICTUS COMPLEX,ROUGHEYE/BLACKSPOTTED ROCKFISH COMPLEX,COMPLEXE DES S<c9>BASTES <c0> <8c>IL <c9>PINEUX ET <c0> TACHES NOIRES,unknown,3858936.76040305,2192732.57321476,5755031.48260891,0.238804726213645
2016,111,89,166707,396,SEBASTES ALUTUS,PACIFIC OCEAN PERCH,S<c9>BASTE <c0> LONGUE M<c2>CHOIRE,urn:lsid:marinespecies.org:taxname:254573,11822655.0690115,8036282.24916539,16727885.8196198,0.192264607764749
2016,111,4,166709,400,SEBASTES AURORA,AURORA ROCKFISH,S<c9>BASTE AURORE,urn:lsid:marinespecies.org:taxname:274774,3600.935005102,162.838977545286,9897.29388997277,0.804808626854194
2016,111,72,166710,401,SEBASTES BABCOCKI,REDBANDED ROCKFISH,S<c9>BASTE <c0> BANDES ROUGES,urn:lsid:marinespecies.org:taxname:274775,118084.98699675,77337.3574556595,170201.062870132,0.192535117260967
2016,111,10,166712,403,SEBASTES BOREALIS,SHORTRAKER ROCKFISH,S<c9>BASTE BOR<c9>AL,urn:lsid:marinespecies.org:taxname:274777,133644.799346085,27673.8154278711,260882.74743212,0.484477288573213
2016,111,73,166711,405,SEBASTES BREVISPINIS,SILVERGRAY ROCKFISH,S<c9>BASTE ARGENT<c9>,urn:lsid:marinespecies.org:taxname:274778,1305481.30352896,750137.472677555,1936325.26848598,0.236113609622999
2016,111,5,644604,409,SEBASTES VARIABILIS,DUSKY ROCKFISH,S<c9>BASTE VARIABLE,urn:lsid:marinespecies.org:taxname:398442,2260.59311443829,153.332360884284,5818.41311276056,0.704229366651653
2016,111,8,166715,410,SEBASTES CRAMERI,DARKBLOTCHED ROCKFISH,S<c9>BASTE TACHET<c9>,urn:lsid:marinespecies.org:taxname:274785,5476.78858759271,483.026222084778,12576.6516279156,0.575516277274151
2016,111,13,166716,412,SEBASTES DIPLOPROA,SPLITNOSE ROCKFISH,GUEULE-DE-LOUP,urn:lsid:marinespecies.org:taxname:274787,78020.8540213229,1296.89440791309,185647.997687314,0.649219645279727
2016,111,18,166717,414,SEBASTES ELONGATUS,GREENSTRIPED ROCKFISH,S<c9>BASTE <c0> RAYURES VERTES,urn:lsid:marinespecies.org:taxname:274788,11930.0139642157,5263.80068212112,20657.3657400079,0.320676109255172
2016,111,33,166719,417,SEBASTES ENTOMELAS,WIDOW ROCKFISH,VEUVE,urn:lsid:marinespecies.org:taxname:274791,103086.273784095,43496.5220690392,187473.861496309,0.357737684156883
2016,111,10,166720,418,SEBASTES FLAVIDUS,YELLOWTAIL ROCKFISH,S<c9>BASTE <c0> QUEUE JAUNE,urn:lsid:marinespecies.org:taxname:274795,12422.3018133697,2940.18390238142,24316.8719151039,0.432430775639259
2016,111,69,166723,421,SEBASTES HELVOMACULATUS,ROSETHORN ROCKFISH,S<c9>BASTE ROSAC<c9>,urn:lsid:marinespecies.org:taxname:274799,108567.741452663,73738.0355728775,152202.370547297,0.185496576706379
2016,111,5,166733,435,SEBASTES PAUCISPINIS,BOCACCIO,BOCACCIO,urn:lsid:marinespecies.org:taxname:274833,7834.19705717259,607.593516014219,19506.6262941746,0.664202193147864
2016,111,13,166734,437,SEBASTES PINNIGER,CANARY ROCKFISH,S<c9>BASTE CANARI,urn:lsid:marinespecies.org:taxname:274836,383098.482958523,32699.334278907,1041537.72806151,0.8192789660864
2016,111,54,166736,439,SEBASTES PRORIGER,REDSTRIPE ROCKFISH,S<c9>BASTE <c0> RAIE ROUGE,urn:lsid:marinespecies.org:taxname:274838,1047083.65001989,529189.267872963,1706117.22547502,0.289565998998282
2016,111,39,166737,440,SEBASTES REEDI,YELLOWMOUTH ROCKFISH,S<c9>BASTE <c0> BOUCHE JAUNE,urn:lsid:marinespecies.org:taxname:274840,1450660.36418246,213745.089056185,3805226.52623872,0.769836422369211
2016,111,29,166742,446,SEBASTES VARIEGATUS,HARLEQUIN ROCKFISH,S<c9>BASTE ARLEQUIN,urn:lsid:marinespecies.org:taxname:274863,13000.6350534052,2437.67305395146,31499.2945935479,0.646942851809925
2016,111,58,166744,450,SEBASTES ZACENTRUS,SHARPCHIN ROCKFISH,S<c9>BASTE <c0> MENTON POINTU,urn:lsid:marinespecies.org:taxname:274869,1709831.07734513,1027545.88147829,2590335.41457401,0.222731199220545
2016,111,100,166783,451,SEBASTOLOBUS ALASCANUS,SHORTSPINE THORNYHEAD,S<c9>BASTOLOBE <c0> COURTES <c9>PINES,urn:lsid:marinespecies.org:taxname:282740,1540808.60525007,1211667.40040639,1919977.18922092,0.118747608349703
2016,111,15,166784,453,SEBASTOLOBUS ALTIVELIS,LONGSPINE THORNYHEAD,S<c9>BASTOLOBE <c0> LONGUES <c9>PINES,urn:lsid:marinespecies.org:taxname:282741,626399.825806602,466666.706157002,777271.706833032,0.128728910524927
2016,111,55,167123,455,ANOPLOPOMA FIMBRIA,SABLEFISH,MORUE CHARBONNI<c8>RE,urn:lsid:marinespecies.org:taxname:159463,912514.25924841,694076.923336309,1152212.64855644,0.12570799170733
2016,111,24,167116,467,OPHIODON ELONGATUS,LINGCOD,MORUE-LINGUE,urn:lsid:marinespecies.org:taxname:240745,36905.6530082973,21831.3371085822,56537.8660480237,0.227353503413291
2016,111,74,172862,602,ATHERESTHES STOMIAS,ARROWTOOTH FLOUNDER,PLIE <c0> GRANDE BOUCHE,urn:lsid:marinespecies.org:taxname:279792,197283.86933229,110129.604141637,318235.115238443,0.275499276441128
2016,111,10,172866,605,EMBASSICHTHYS BATHYBIUS,DEEPSEA SOLE,PLIE DE PROFONDEUR,urn:lsid:marinespecies.org:taxname:280641,7453.3794902348,3228.59546080278,11857.5328937119,0.307144438075783
2016,111,5,172868,607,EOPSETTA JORDANI,PETRALE SOLE,PLIE DE CALIFORNIE,urn:lsid:marinespecies.org:taxname:280690,3651.41078737718,91.4866409055294,9920.13157603724,0.822594816596942
2016,111,87,172978,610,GLYPTOCEPHALUS ZACHIRUS,REX SOLE,PLIE ROYALE,urn:lsid:marinespecies.org:taxname:274287,136447.113401332,86628.8426796961,193338.082803801,0.196013389563266
2016,111,25,172932,614,HIPPOGLOSSUS STENOLEPIS,PACIFIC HALIBUT,FL<c9>TAN DU PACIFIQUE,urn:lsid:marinespecies.org:taxname:274290,58723.9867085143,22052.4854182336,127204.539930586,0.465263926854007
2016,111,32,172871,625,LYOPSETTA EXILIS,SLENDER SOLE,PLIE MINCE,urn:lsid:marinespecies.org:taxname:281452,1523.71601169013,947.879378817246,2150.04288006147,0.198238758661543
2016,111,84,172887,626,MICROSTOMUS PACIFICUS,DOVER SOLE,LIMANDE-SOLE,urn:lsid:marinespecies.org:taxname:274294,263356.684435981,161628.393336664,378954.462392336,0.205968642068202
2016,111,8,172921,628,PAROPHRYS VETULUS,ENGLISH SOLE,CARLOTTIN ANGLAIS,urn:lsid:marinespecies.org:taxname:254393,4958.67017456976,619.373949849267,13549.4163187812,0.720689307198894
2018,119,6,159988,38,APRISTURUS BRUNNEUS,BROWN CAT SHARK,HOLBICHE BRUNE,urn:lsid:marinespecies.org:taxname:158512,3894.18482656157,673.833134224774,8691.96789698854,0.541969877562537
2018,119,7,160617,44,SQUALUS SUCKLEYI,NORTH PACIFIC SPINY DOGFISH,AIGUILLAT DU PACIFIQUE,urn:lsid:marinespecies.org:taxname:299224,3122.26992661733,810.298892757851,7038.62135310634,0.518321983315353
2018,119,8,160935,52,BATHYRAJA ALEUTICA,ALEUTIAN SKATE,RAIE AL<c9>UTIENNE,urn:lsid:marinespecies.org:taxname:271506,11184.0598701858,1297.87343090872,26999.8314354282,0.616375520443867
2018,119,5,160942,57,BATHYRAJA TRACHURA,ROUGHTAIL SKATE,RAIE <c0> QUEUE RUDE,urn:lsid:marinespecies.org:taxname:271538,10388.8552962101,1077.9682950904,22782.5525289318,0.533587318976526
2018,119,18,160937,58,BATHYRAJA INTERRUPTA,SANDPAPER SKATE,RAIE RUGUEUSE,urn:lsid:marinespecies.org:taxname:271515,13136.8992214257,6681.53464272497,20659.1525266216,0.267666688075112
2018,119,31,160851,59,RAJA RHINA,LONGNOSE SKATE,POCHETEAU LONG-NEZ,urn:lsid:marinespecies.org:taxname:271581,58340.7631375384,38330.4547016776,79721.3324368756,0.183025560083445
2018,119,69,161015,66,HYDROLAGUS COLLIEI,SPOTTED RATFISH,CHIM<c8>RE D<92>AM<c9>RIQUE,urn:lsid:marinespecies.org:taxname:271406,53178.9419321507,32285.0651597557,82753.8230089587,0.242844778655216
2018,119,2,161976,112,ONCORHYNCHUS KETA,CHUM SALMON,SAUMON K<c9>TA,urn:lsid:marinespecies.org:taxname:127183,953.914043677254,0,2677.61161710558,0.77884062768847
2018,119,13,164673,220,ANTIMORA MICROLEPIS,PACIFIC FLATNOSE,ANTIMORE <c0> PETITES <c9>CAILLES,urn:lsid:marinespecies.org:taxname:272460,20285.130703149898,4226.86300201396,46493.1667164982,0.569627083991758
2018,119,22,164711,222,GADUS MACROCEPHALUS,PACIFIC COD,MORUE DU PACIFIQUE,urn:lsid:marinespecies.org:taxname:254538,20105.6980872395,11230.9743309078,31270.4566486888,0.248995408812663
2018,119,43,164792,225,MERLUCCIUS PRODUCTUS,PACIFIC HAKE,MERLU DU PACIFIQUE,urn:lsid:marinespecies.org:taxname:272458,157372.009483222,97732.6009365933,234087.400886744,0.209490306979352
2018,119,41,934083,228,GADUS CHALCOGRAMMUS,WALLEYE POLLOCK,GOBERGE DE L<92>ALASKA,urn:lsid:marinespecies.org:taxname:300735,93835.0477883663,30793.4988634047,186804.711695793,0.440403296202816
2018,119,8,165219,235,BOTHROCARA BRUNNEUM,TWOLINE EELPOUT,LYCODE <c0> DEUX LIGNES,urn:lsid:marinespecies.org:taxname:279397,7971.913106336,2567.31604629678,14225.2622535378,0.362820498338818
2018,119,17,165335,250,CORYPHAENOIDES CINEREUS,POPEYE,GRENADIER CENDR<c9>,urn:lsid:marinespecies.org:taxname:272326,99111.1411630412,43238.1469075756,179155.508340089,0.361917766703139
2018,119,18,165334,251,CORYPHAENOIDES ACROLEPIS,PACIFIC GRENADIER,GRENADIER <c0> <c9>CAILLES RUDES,urn:lsid:marinespecies.org:taxname:272313,473715.202430799,198114.978261745,872585.436244428,0.360869215332474
2018,119,17,165427,256,ALBATROSSIA PECTORALIS,GIANT GRENADIER,GRENADIER PECTORAL,urn:lsid:marinespecies.org:taxname:236135,446291.099426092,174909.592259585,845527.752397365,0.400510291867931
2018,119,2,171659,359,ZAPRORA SILENUS,PROWFISH,ZAPRORA,urn:lsid:marinespecies.org:taxname:254353,1396.63939834358,0,3797.04432816842,0.715739145189146
2018,119,54,166706,394,SEBASTES ALEUTIANUS/MELANOSTICTUS COMPLEX,ROUGHEYE/BLACKSPOTTED ROCKFISH COMPLEX,COMPLEXE DES S<c9>BASTES <c0> <8c>IL <c9>PINEUX ET <c0> TACHES NOIRES,unknown,2771864.78200503,1403841.80763939,4296359.53447137,0.27064205242435
2018,119,91,166707,396,SEBASTES ALUTUS,PACIFIC OCEAN PERCH,S<c9>BASTE <c0> LONGUE M<c2>CHOIRE,urn:lsid:marinespecies.org:taxname:254573,19173028.415813,12443465.4689825,28627481.4971285,0.213246045881928
2018,119,7,166709,400,SEBASTES AURORA,AURORA ROCKFISH,S<c9>BASTE AURORE,urn:lsid:marinespecies.org:taxname:274774,8326.91013316286,1001.70297932746,20102.3645270695,0.630999195312729
2018,119,73,166710,401,SEBASTES BABCOCKI,REDBANDED ROCKFISH,S<c9>BASTE <c0> BANDES ROUGES,urn:lsid:marinespecies.org:taxname:274775,152033.48350094,107114.797431924,214456.611749365,0.182653997075674
2018,119,19,166712,403,SEBASTES BOREALIS,SHORTRAKER ROCKFISH,S<c9>BASTE BOR<c9>AL,urn:lsid:marinespecies.org:taxname:274777,367239.694005897,69510.7673800888,809062.558031804,0.545596577539024
2018,119,66,166711,405,SEBASTES BREVISPINIS,SILVERGRAY ROCKFISH,S<c9>BASTE ARGENT<c9>,urn:lsid:marinespecies.org:taxname:274778,676349.600312315,390377.500722848,1000229.8688126,0.234567872852942
2018,119,11,644604,409,SEBASTES VARIABILIS,DUSKY ROCKFISH,S<c9>BASTE VARIABLE,urn:lsid:marinespecies.org:taxname:398442,4373.67124561707,1322.21508185832,8943.42006201677,0.473356414555405
2018,119,6,166715,410,SEBASTES CRAMERI,DARKBLOTCHED ROCKFISH,S<c9>BASTE TACHET<c9>,urn:lsid:marinespecies.org:taxname:274785,42884.7139730663,954.488367015639,123519.932143205,0.936571056144361
2018,119,14,166716,412,SEBASTES DIPLOPROA,SPLITNOSE ROCKFISH,GUEULE-DE-LOUP,urn:lsid:marinespecies.org:taxname:274787,165105.700893183,2825.21588366712,420893.468130196,0.689034526743866
2018,119,24,166717,414,SEBASTES ELONGATUS,GREENSTRIPED ROCKFISH,S<c9>BASTE <c0> RAYURES VERTES,urn:lsid:marinespecies.org:taxname:274788,10684.6399556,4984.57474386879,17024.4232609039,0.294256976579392
2018,119,28,166719,417,SEBASTES ENTOMELAS,WIDOW ROCKFISH,VEUVE,urn:lsid:marinespecies.org:taxname:274791,50483.5116976665,21865.3652753354,87690.997046319,0.328110783863378
2018,119,5,166720,418,SEBASTES FLAVIDUS,YELLOWTAIL ROCKFISH,S<c9>BASTE <c0> QUEUE JAUNE,urn:lsid:marinespecies.org:taxname:274795,7306.56321495701,744.618768149851,17471.0311439062,0.591986425702424
2018,119,65,166723,421,SEBASTES HELVOMACULATUS,ROSETHORN ROCKFISH,S<c9>BASTE ROSAC<c9>,urn:lsid:marinespecies.org:taxname:274799,99544.9345834697,74815.7696618726,127059.753418151,0.135908923439973
2018,119,9,166733,435,SEBASTES PAUCISPINIS,BOCACCIO,BOCACCIO,urn:lsid:marinespecies.org:taxname:274833,11561.7151252408,2916.73107900063,24938.5735211496,0.505622428422488
2018,119,13,166734,437,SEBASTES PINNIGER,CANARY ROCKFISH,S<c9>BASTE CANARI,urn:lsid:marinespecies.org:taxname:274836,91273.3904382803,6555.33352117566,227484.715463382,0.588588483918235
2018,119,61,166736,439,SEBASTES PRORIGER,REDSTRIPE ROCKFISH,S<c9>BASTE <c0> RAIE ROUGE,urn:lsid:marinespecies.org:taxname:274838,551245.999103401,246569.298890047,903493.554562827,0.305408124128387
2018,119,44,166737,440,SEBASTES REEDI,YELLOWMOUTH ROCKFISH,S<c9>BASTE <c0> BOUCHE JAUNE,urn:lsid:marinespecies.org:taxname:274840,665591.139973213,122490.024176651,1515117.48175045,0.524183671939365
2018,119,49,166742,446,SEBASTES VARIEGATUS,HARLEQUIN ROCKFISH,S<c9>BASTE ARLEQUIN,urn:lsid:marinespecies.org:taxname:274863,31431.9631850928,5322.94527504908,78712.0505481373,0.627770938785075
2018,119,68,166744,450,SEBASTES ZACENTRUS,SHARPCHIN ROCKFISH,S<c9>BASTE <c0> MENTON POINTU,urn:lsid:marinespecies.org:taxname:274869,2363473.99208595,987469.779578939,4093904.93785524,0.34077668342304
2018,119,112,166783,451,SEBASTOLOBUS ALASCANUS,SHORTSPINE THORNYHEAD,S<c9>BASTOLOBE <c0> COURTES <c9>PINES,urn:lsid:marinespecies.org:taxname:282740,1307127.88524815,1104398.34458015,1515594.75293126,0.0828262787138531
2018,119,23,166784,453,SEBASTOLOBUS ALTIVELIS,LONGSPINE THORNYHEAD,S<c9>BASTOLOBE <c0> LONGUES <c9>PINES,urn:lsid:marinespecies.org:taxname:282741,541048.206249757,347343.569300164,754840.749919946,0.19475560927444
2018,119,104,167123,455,ANOPLOPOMA FIMBRIA,SABLEFISH,MORUE CHARBONNI<c8>RE,urn:lsid:marinespecies.org:taxname:159463,1741917.82160151,1221255.31024006,2259314.65688957,0.15222030174296
2018,119,25,167116,467,OPHIODON ELONGATUS,LINGCOD,MORUE-LINGUE,urn:lsid:marinespecies.org:taxname:240745,47564.7477328498,23211.8037937923,74692.5849999164,0.269689670285536
2018,119,83,172862,602,ATHERESTHES STOMIAS,ARROWTOOTH FLOUNDER,PLIE <c0> GRANDE BOUCHE,urn:lsid:marinespecies.org:taxname:279792,455330.257513191,132114.048736268,1018903.91813169,0.507436362628569
2018,119,9,172866,605,EMBASSICHTHYS BATHYBIUS,DEEPSEA SOLE,PLIE DE PROFONDEUR,urn:lsid:marinespecies.org:taxname:280641,7829.41622075385,2175.91859704358,15472.6387550408,0.458020482188019
2018,119,6,172868,607,EOPSETTA JORDANI,PETRALE SOLE,PLIE DE CALIFORNIE,urn:lsid:marinespecies.org:taxname:280690,3854.79385787499,404.37374322006,8849.4490781328,0.597890814809884
2018,119,97,172978,610,GLYPTOCEPHALUS ZACHIRUS,REX SOLE,PLIE ROYALE,urn:lsid:marinespecies.org:taxname:274287,103351.25560917,74308.7150325217,137782.165849556,0.156695676496339
2018,119,26,172932,614,HIPPOGLOSSUS STENOLEPIS,PACIFIC HALIBUT,FL<c9>TAN DU PACIFIQUE,urn:lsid:marinespecies.org:taxname:274290,45616.1956268561,27189.6945206985,65604.7872599164,0.219929371520703
2018,119,31,172871,625,LYOPSETTA EXILIS,SLENDER SOLE,PLIE MINCE,urn:lsid:marinespecies.org:taxname:281452,1837.46406008892,1006.65809635665,2863.94373846362,0.255541773814953
2018,119,99,172887,626,MICROSTOMUS PACIFICUS,DOVER SOLE,LIMANDE-SOLE,urn:lsid:marinespecies.org:taxname:274294,321089.514415292,239494.966566001,408209.542064888,0.132988978401356
2018,119,11,172921,628,PAROPHRYS VETULUS,ENGLISH SOLE,CARLOTTIN ANGLAIS,urn:lsid:marinespecies.org:taxname:254393,4150.70802150388,915.119941797757,8253.7825579661,0.475406767509005
