Survey.Year,Set.count,Number.of.positive.sets,ITIS.TSN,Species.code,Scientific.name,English.common.name,French.common.name,LSID,Biomass.index,Lower.interval,Upper.interval,CV
2004,89,4,159988,38,APRISTURUS BRUNNEUS,BROWN CAT SHARK,HOLBICHE BRUNE,urn:lsid:marinespecies.org:taxname:158512,5266.658335224,148.263348948,12023.2309486575,0.560855162297978
2004,89,64,160617,44,SQUALUS SUCKLEYI,NORTH PACIFIC SPINY DOGFISH,AIGUILLAT DU PACIFIQUE,urn:lsid:marinespecies.org:taxname:299224,16857690.234308,8022396.84901761,31223245.6387803,0.352828195289514
2004,89,11,160848,56,BERINGRAJA BINOCULATA,BIG SKATE,RAIE BIOCELL<c9>E,urn:lsid:marinespecies.org:taxname:1021330,216280.238987775,87230.0441811352,369851.042807793,0.32708891745642
2004,89,10,160937,58,BATHYRAJA INTERRUPTA,SANDPAPER SKATE,RAIE RUGUEUSE,urn:lsid:marinespecies.org:taxname:271515,7629.50160683333,2890.43776523637,13644.0174685956,0.346591171003344
2004,89,51,160851,59,RAJA RHINA,LONGNOSE SKATE,POCHETEAU LONG-NEZ,urn:lsid:marinespecies.org:taxname:271581,690834.082842632,510367.21567407,897150.101198937,0.142041406924554
2004,89,73,161015,66,HYDROLAGUS COLLIEI,SPOTTED RATFISH,CHIM<c8>RE D<92>AM<c9>RIQUE,urn:lsid:marinespecies.org:taxname:271406,1211081.63697423,660240.258941637,1896284.52247791,0.262770645348506
2004,89,5,161702,95,ALOSA SAPIDISSIMA,AMERICAN SHAD,ALOSE SAVOUREUSE,urn:lsid:marinespecies.org:taxname:158670,1384.68575619024,0,3815.20446464,0.709949209176243
2004,89,12,551209,96,CLUPEA PALLASII,PACIFIC HERRING,HARENG DU PACIFIQUE,urn:lsid:marinespecies.org:taxname:151159,7244.04822068671,2941.64725769067,12640.5398537805,0.335308259199558
2004,89,14,162051,148,THALEICHTHYS PACIFICUS,EULACHON,EULAKANE,urn:lsid:marinespecies.org:taxname:282959,909214.392816517,12045.8975091027,2676823.03344834,0.969442417904413
2004,89,54,164711,222,GADUS MACROCEPHALUS,PACIFIC COD,MORUE DU PACIFIQUE,urn:lsid:marinespecies.org:taxname:254538,1133080.0810858,696388.124448326,1652411.1328001,0.217570380070958
2004,89,42,164792,225,MERLUCCIUS PRODUCTUS,PACIFIC HAKE,MERLU DU PACIFIQUE,urn:lsid:marinespecies.org:taxname:272458,2733492.66272749,1325822.12760141,4674568.94137298,0.312749160627532
2004,89,17,934083,228,GADUS CHALCOGRAMMUS,WALLEYE POLLOCK,GOBERGE DE L<92>ALASKA,urn:lsid:marinespecies.org:taxname:300735,565012.464394406,69004.8662527411,1394272.77427775,0.649570063051373
2004,89,10,550588,233,LYCODES CORTEZIANUS,BIGFIN EELPOUT,LYCODE <c0> GRANDES NAGEOIRES,urn:lsid:marinespecies.org:taxname:274097,6730.86257571733,2688.71844750728,11390.2819359084,0.313117747405496
2004,89,6,165261,243,LYCODES DIAPTERUS,BLACK EELPOUT,LYCODE NOIRE,urn:lsid:marinespecies.org:taxname:254597,7132.81406453869,1303.52027438801,16113.2041971428,0.55296815668286
2004,89,14,630999,245,LYCODES PACIFICUS,BLACKBELLY EELPOUT,LYCODE <c0> VENTRE NOIR,urn:lsid:marinespecies.org:taxname:274116,7844.01712911926,3486.21666686361,13652.5388977917,0.327617861627162
2004,89,15,166706,394,SEBASTES ALEUTIANUS/MELANOSTICTUS COMPLEX,ROUGHEYE/BLACKSPOTTED ROCKFISH COMPLEX,COMPLEXE DES S<c9>BASTES <c0> <8c>IL <c9>PINEUX ET <c0> TACHES NOIRES,unknown,313221.592799688,55972.0584422579,590474.706892356,0.433229515614863
2004,89,30,166707,396,SEBASTES ALUTUS,PACIFIC OCEAN PERCH,S<c9>BASTE <c0> LONGUE M<c2>CHOIRE,urn:lsid:marinespecies.org:taxname:254573,4933483.03309024,2262262.69778551,8890141.79993323,0.358878439015818
2004,89,27,166710,401,SEBASTES BABCOCKI,REDBANDED ROCKFISH,S<c9>BASTE <c0> BANDES ROUGES,urn:lsid:marinespecies.org:taxname:274775,242547.340834756,114346.74015908,457894.338948657,0.373034943101028
2004,89,6,166712,403,SEBASTES BOREALIS,SHORTRAKER ROCKFISH,S<c9>BASTE BOR<c9>AL,urn:lsid:marinespecies.org:taxname:274777,46370.659188997,12718.7994171095,100413.188103473,0.528528242091015
2004,89,19,166711,405,SEBASTES BREVISPINIS,SILVERGRAY ROCKFISH,S<c9>BASTE ARGENT<c9>,urn:lsid:marinespecies.org:taxname:274778,555155.697367154,169328.437440459,1108613.5977744,0.43881756032126
2004,89,15,166715,410,SEBASTES CRAMERI,DARKBLOTCHED ROCKFISH,S<c9>BASTE TACHET<c9>,urn:lsid:marinespecies.org:taxname:274785,107963.994279933,25029.7232137,254918.226036027,0.599729773924391
2004,89,17,166716,412,SEBASTES DIPLOPROA,SPLITNOSE ROCKFISH,GUEULE-DE-LOUP,urn:lsid:marinespecies.org:taxname:274787,703723.949240753,112558.334313384,1719672.35261488,0.622593635504318
2004,89,37,166717,414,SEBASTES ELONGATUS,GREENSTRIPED ROCKFISH,S<c9>BASTE <c0> RAYURES VERTES,urn:lsid:marinespecies.org:taxname:274788,205754.256728927,105713.239989852,346623.273370961,0.29214087930644
2004,89,2,166719,417,SEBASTES ENTOMELAS,WIDOW ROCKFISH,VEUVE,urn:lsid:marinespecies.org:taxname:274791,1046.19888399226,0,2615.68017584703,0.673029336196246
2004,89,36,166720,418,SEBASTES FLAVIDUS,YELLOWTAIL ROCKFISH,S<c9>BASTE <c0> QUEUE JAUNE,urn:lsid:marinespecies.org:taxname:274795,791769.910187493,481985.281368528,1182277.88825948,0.22492190179911
2004,89,16,166723,421,SEBASTES HELVOMACULATUS,ROSETHORN ROCKFISH,S<c9>BASTE ROSAC<c9>,urn:lsid:marinespecies.org:taxname:274799,63057.076356839,13130.5463378646,150990.570638754,0.626963820083418
2004,89,8,166726,424,SEBASTES MALIGER,QUILLBACK ROCKFISH,S<c9>BASTE <c0> DOS <c9>PINEUX,urn:lsid:marinespecies.org:taxname:274815,75955.4288246201,17064.5164828376,156388.860905433,0.487978575035776
2004,89,11,166733,435,SEBASTES PAUCISPINIS,BOCACCIO,BOCACCIO,urn:lsid:marinespecies.org:taxname:274833,354975.663483505,35364.7523264212,993547.709854594,0.78306581878272
2004,89,35,166734,437,SEBASTES PINNIGER,CANARY ROCKFISH,S<c9>BASTE CANARI,urn:lsid:marinespecies.org:taxname:274836,814102.205766539,377281.068930057,1438901.1394921101,0.329552309970184
2004,89,17,166736,439,SEBASTES PRORIGER,REDSTRIPE ROCKFISH,S<c9>BASTE <c0> RAIE ROUGE,urn:lsid:marinespecies.org:taxname:274838,1074253.63564188,194138.481868916,2239697.33812184,0.495225044426326
2004,89,2,166737,440,SEBASTES REEDI,YELLOWMOUTH ROCKFISH,S<c9>BASTE <c0> BOUCHE JAUNE,urn:lsid:marinespecies.org:taxname:274840,30609.6874876089,0,73494.1926852545,0.684687690567416
2004,89,11,166740,442,SEBASTES RUBERRIMUS,YELLOWEYE ROCKFISH,S<c9>BASTE AUX YEUX JAUNES,urn:lsid:marinespecies.org:taxname:274844,173637.176771125,50631.4327494475,328888.768667657,0.409365545993255
2004,89,6,166741,444,SEBASTES SAXICOLA,STRIPETAIL ROCKFISH,S<c9>BASTE <c0> QUEUE RAY<c9>E,urn:lsid:marinespecies.org:taxname:274848,9013.96256810427,2723.15196857482,17265.4845019476,0.421404099738999
2004,89,5,166743,448,SEBASTES WILSONI,PYGMY ROCKFISH,S<c9>BASTE PYGM<c9>E,urn:lsid:marinespecies.org:taxname:274868,187385.89854224,478.760711107765,558260.020190427,0.995671621749175
2004,89,26,166744,450,SEBASTES ZACENTRUS,SHARPCHIN ROCKFISH,S<c9>BASTE <c0> MENTON POINTU,urn:lsid:marinespecies.org:taxname:274869,418096.852855761,181892.180243103,712272.563790172,0.322620795074015
2004,89,19,166783,451,SEBASTOLOBUS ALASCANUS,SHORTSPINE THORNYHEAD,S<c9>BASTOLOBE <c0> COURTES <c9>PINES,urn:lsid:marinespecies.org:taxname:282740,282017.692215571,187787.480621663,391094.575594759,0.178786289889341
2004,89,58,167123,455,ANOPLOPOMA FIMBRIA,SABLEFISH,MORUE CHARBONNI<c8>RE,urn:lsid:marinespecies.org:taxname:159463,3978137.24615656,1768445.05924277,6598413.53510527,0.302701943366936
2004,89,5,167110,461,HEXAGRAMMOS DECAGRAMMUS,KELP GREENLING,SOURCIL DE VARECH,urn:lsid:marinespecies.org:taxname:240732,22814.5809753776,622.142118434702,51997.6307116238,0.647684815716218
2004,89,41,167116,467,OPHIODON ELONGATUS,LINGCOD,MORUE-LINGUE,urn:lsid:marinespecies.org:taxname:240745,2703107.14087232,555975.200928547,5667875.39815998,0.520947533586014
2004,89,15,167293,510,ICELINUS FILAMENTOSUS,THREADFIN SCULPIN,IC<c9>LINE FILAMENTEUSE,urn:lsid:marinespecies.org:taxname:281136,19479.2767637215,5911.14320599026,37250.8977696657,0.397415122123801
2004,89,36,172716,596,CITHARICHTHYS SORDIDUS,PACIFIC SANDDAB,LIMANDE SORDIDE,urn:lsid:marinespecies.org:taxname:275694,1028923.14046905,539671.927890695,1585655.24293072,0.265841392995787
2004,89,69,172862,602,ATHERESTHES STOMIAS,ARROWTOOTH FLOUNDER,PLIE <c0> GRANDE BOUCHE,urn:lsid:marinespecies.org:taxname:279792,8527646.61581029,4755215.49604683,13257605.841287,0.260777928208248
2004,89,47,172868,607,EOPSETTA JORDANI,PETRALE SOLE,PLIE DE CALIFORNIE,urn:lsid:marinespecies.org:taxname:280690,380255.084577254,194081.672963783,628921.80366769,0.303629948295257
2004,89,77,172978,610,GLYPTOCEPHALUS ZACHIRUS,REX SOLE,PLIE ROYALE,urn:lsid:marinespecies.org:taxname:274287,1974610.54965125,1554453.97659349,2412234.80839822,0.113265708308539
2004,89,38,172875,612,HIPPOGLOSSOIDES ELASSODON,FLATHEAD SOLE,PLIE <c0> T<ca>TE PLATE,urn:lsid:marinespecies.org:taxname:274289,395891.562881276,182016.796859988,697936.941795093,0.335162841544736
2004,89,29,172932,614,HIPPOGLOSSUS STENOLEPIS,PACIFIC HALIBUT,FL<c9>TAN DU PACIFIQUE,urn:lsid:marinespecies.org:taxname:274290,897988.71402707,334863.918005751,1620521.95744952,0.374587189464258
2004,89,23,172917,621,LEPIDOPSETTA BILINEATA,SOUTHERN ROCK SOLE,FAUSSE LIMANDE DU PACIFIQUE,urn:lsid:marinespecies.org:taxname:281305,317137.590706999,163160.187607252,506974.302018225,0.27811971724199003
2004,89,55,172871,625,LYOPSETTA EXILIS,SLENDER SOLE,PLIE MINCE,urn:lsid:marinespecies.org:taxname:281452,210798.030524044,146055.686617235,289407.590246978,0.170059800991574
2004,89,75,172887,626,MICROSTOMUS PACIFICUS,DOVER SOLE,LIMANDE-SOLE,urn:lsid:marinespecies.org:taxname:274294,2666403.26535109,2029687.72268462,3424894.83886525,0.133791947984189
2004,89,57,172921,628,PAROPHRYS VETULUS,ENGLISH SOLE,CARLOTTIN ANGLAIS,urn:lsid:marinespecies.org:taxname:254393,1597228.05485187,846119.282196932,2414879.77212762,0.257683700375562
2004,89,9,172924,635,PLEURONICHTHYS DECURRENS,CURLFIN SOLE,PLIE <c0> NAGEOIRES FRIS<c9>ES,urn:lsid:marinespecies.org:taxname:282292,46532.1655186469,14987.1010536245,89193.913797764,0.413362319855585
2006,164,3,159988,38,APRISTURUS BRUNNEUS,BROWN CAT SHARK,HOLBICHE BRUNE,urn:lsid:marinespecies.org:taxname:158512,2385.68176924,0,5694.61768453071,0.631170170319176
2006,164,138,160617,44,SQUALUS SUCKLEYI,NORTH PACIFIC SPINY DOGFISH,AIGUILLAT DU PACIFIQUE,urn:lsid:marinespecies.org:taxname:299224,21878439.1516357,9180152.62173113,47626671.4264894,0.468561073736069
2006,164,12,160848,56,BERINGRAJA BINOCULATA,BIG SKATE,RAIE BIOCELL<c9>E,urn:lsid:marinespecies.org:taxname:1021330,170882.256125222,59362.9696148387,332816.890226235,0.395130620488732
2006,164,17,160937,58,BATHYRAJA INTERRUPTA,SANDPAPER SKATE,RAIE RUGUEUSE,urn:lsid:marinespecies.org:taxname:271515,11774.1017471448,6609.97955164432,17401.0417671581,0.236002232971668
2006,164,80,160851,59,RAJA RHINA,LONGNOSE SKATE,POCHETEAU LONG-NEZ,urn:lsid:marinespecies.org:taxname:271581,517355.935790529,394156.920825946,646150.561679809,0.130015774150121
2006,164,130,161015,66,HYDROLAGUS COLLIEI,SPOTTED RATFISH,CHIM<c8>RE D<92>AM<c9>RIQUE,urn:lsid:marinespecies.org:taxname:271406,1292128.12533036,857884.345995901,1795061.08681583,0.185358704977327
2006,164,17,161702,95,ALOSA SAPIDISSIMA,AMERICAN SHAD,ALOSE SAVOUREUSE,urn:lsid:marinespecies.org:taxname:158670,8191.9731084423,3693.89818487452,14860.1257445844,0.337678813945752
2006,164,38,551209,96,CLUPEA PALLASII,PACIFIC HERRING,HARENG DU PACIFIQUE,urn:lsid:marinespecies.org:taxname:151159,23513.8244775251,11423.2260774685,41457.7006460156,0.341229207234831
2006,164,24,162051,148,THALEICHTHYS PACIFICUS,EULACHON,EULAKANE,urn:lsid:marinespecies.org:taxname:282959,24454.986896366,9882.97130197628,41302.0623267905,0.341703821846212
2006,164,88,164711,222,GADUS MACROCEPHALUS,PACIFIC COD,MORUE DU PACIFIQUE,urn:lsid:marinespecies.org:taxname:254538,1155992.51367384,689135.671216507,1693464.53991755,0.22387263058466
2006,164,39,164792,225,MERLUCCIUS PRODUCTUS,PACIFIC HAKE,MERLU DU PACIFIQUE,urn:lsid:marinespecies.org:taxname:272458,67523.1949143142,44661.3422755074,92645.9989006704,0.180051942417411
2006,164,14,934083,228,GADUS CHALCOGRAMMUS,WALLEYE POLLOCK,GOBERGE DE L<92>ALASKA,urn:lsid:marinespecies.org:taxname:300735,27152.5634891587,5835.74826770266,54462.5932939523,0.491186492266407
2006,164,14,550588,233,LYCODES CORTEZIANUS,BIGFIN EELPOUT,LYCODE <c0> GRANDES NAGEOIRES,urn:lsid:marinespecies.org:taxname:274097,7288.99341684871,3170.63767788132,12527.4909364305,0.327371408504468
2006,164,13,165261,243,LYCODES DIAPTERUS,BLACK EELPOUT,LYCODE NOIRE,urn:lsid:marinespecies.org:taxname:254597,3003.40666815199,1011.85283294711,5970.10870881233,0.4339807232344
2006,164,17,630999,245,LYCODES PACIFICUS,BLACKBELLY EELPOUT,LYCODE <c0> VENTRE NOIR,urn:lsid:marinespecies.org:taxname:274116,4401.54189339875,2107.91715386581,6838.10646185784,0.276313316972191
2006,164,31,166706,394,SEBASTES ALEUTIANUS/MELANOSTICTUS COMPLEX,ROUGHEYE/BLACKSPOTTED ROCKFISH COMPLEX,COMPLEXE DES S<c9>BASTES <c0> <8c>IL <c9>PINEUX ET <c0> TACHES NOIRES,unknown,459792.463700923,195843.905217193,791869.8159075,0.325238118255086
2006,164,59,166707,396,SEBASTES ALUTUS,PACIFIC OCEAN PERCH,S<c9>BASTE <c0> LONGUE M<c2>CHOIRE,urn:lsid:marinespecies.org:taxname:254573,2131600.19803366,1382548.03114138,2844213.70863457,0.178149871818543
2006,164,47,166710,401,SEBASTES BABCOCKI,REDBANDED ROCKFISH,S<c9>BASTE <c0> BANDES ROUGES,urn:lsid:marinespecies.org:taxname:274775,95595.9205589331,64622.5153348233,129967.157437747,0.170849422663454
2006,164,13,166712,403,SEBASTES BOREALIS,SHORTRAKER ROCKFISH,S<c9>BASTE BOR<c9>AL,urn:lsid:marinespecies.org:taxname:274777,83534.4365771273,29177.0042402779,165180.122554738,0.450740997408849
2006,164,41,166711,405,SEBASTES BREVISPINIS,SILVERGRAY ROCKFISH,S<c9>BASTE ARGENT<c9>,urn:lsid:marinespecies.org:taxname:274778,700122.717578051,380732.254202024,1073477.48975455,0.247810208251512
2006,164,35,166715,410,SEBASTES CRAMERI,DARKBLOTCHED ROCKFISH,S<c9>BASTE TACHET<c9>,urn:lsid:marinespecies.org:taxname:274785,150726.636282154,83683.136749433,228388.428065454,0.257982156339668
2006,164,34,166716,412,SEBASTES DIPLOPROA,SPLITNOSE ROCKFISH,GUEULE-DE-LOUP,urn:lsid:marinespecies.org:taxname:274787,1279962.86045898,672378.369109553,2096964.54292023,0.278111533313777
2006,164,68,166717,414,SEBASTES ELONGATUS,GREENSTRIPED ROCKFISH,S<c9>BASTE <c0> RAYURES VERTES,urn:lsid:marinespecies.org:taxname:274788,555158.27832219,333381.483918058,816263.791442714,0.227703463306613
2006,164,10,166719,417,SEBASTES ENTOMELAS,WIDOW ROCKFISH,VEUVE,urn:lsid:marinespecies.org:taxname:274791,26362.5807384863,3643.60174445676,67859.2230092537,0.71530223274199
2006,164,45,166720,418,SEBASTES FLAVIDUS,YELLOWTAIL ROCKFISH,S<c9>BASTE <c0> QUEUE JAUNE,urn:lsid:marinespecies.org:taxname:274795,3945486.70419209,336079.629969193,12024603.2971019,0.763385465406335
2006,164,37,166723,421,SEBASTES HELVOMACULATUS,ROSETHORN ROCKFISH,S<c9>BASTE ROSAC<c9>,urn:lsid:marinespecies.org:taxname:274799,48237.2595347737,23056.2975065961,84042.6859011608,0.331013062181631
2006,164,8,166726,424,SEBASTES MALIGER,QUILLBACK ROCKFISH,S<c9>BASTE <c0> DOS <c9>PINEUX,urn:lsid:marinespecies.org:taxname:274815,41314.9608457765,9447.38148012557,90223.8820819714,0.504503276643742
2006,164,27,166733,435,SEBASTES PAUCISPINIS,BOCACCIO,BOCACCIO,urn:lsid:marinespecies.org:taxname:274833,319352.729909576,56489.588763746,809262.963912257,0.701597856300114
2006,164,47,166734,437,SEBASTES PINNIGER,CANARY ROCKFISH,S<c9>BASTE CANARI,urn:lsid:marinespecies.org:taxname:274836,4693345.60542121,1173362.27564412,9843268.37391539,0.502690480118086
2006,164,31,166736,439,SEBASTES PRORIGER,REDSTRIPE ROCKFISH,S<c9>BASTE <c0> RAIE ROUGE,urn:lsid:marinespecies.org:taxname:274838,1251532.62913231,150357.531254704,3051265.71347657,0.597711783475426
2006,164,9,166737,440,SEBASTES REEDI,YELLOWMOUTH ROCKFISH,S<c9>BASTE <c0> BOUCHE JAUNE,urn:lsid:marinespecies.org:taxname:274840,108413.735071687,37125.215653861,191432.86023868,0.36502746338227
2006,164,17,166740,442,SEBASTES RUBERRIMUS,YELLOWEYE ROCKFISH,S<c9>BASTE AUX YEUX JAUNES,urn:lsid:marinespecies.org:taxname:274844,88472.2888089444,47105.608774692,140665.700814805,0.274915601338753
2006,164,2,166741,444,SEBASTES SAXICOLA,STRIPETAIL ROCKFISH,S<c9>BASTE <c0> QUEUE RAY<c9>E,urn:lsid:marinespecies.org:taxname:274848,4301.34399649819,0,12755.5124549415,0.964476160319407
2006,164,7,166743,448,SEBASTES WILSONI,PYGMY ROCKFISH,S<c9>BASTE PYGM<c9>E,urn:lsid:marinespecies.org:taxname:274868,2182.27848480753,330.111391485894,4511.70486502661,0.487291410853061
2006,164,43,166744,450,SEBASTES ZACENTRUS,SHARPCHIN ROCKFISH,S<c9>BASTE <c0> MENTON POINTU,urn:lsid:marinespecies.org:taxname:274869,845071.085399873,358243.11868082,1485976.2093855,0.330025388511338
2006,164,41,166783,451,SEBASTOLOBUS ALASCANUS,SHORTSPINE THORNYHEAD,S<c9>BASTOLOBE <c0> COURTES <c9>PINES,urn:lsid:marinespecies.org:taxname:282740,238776.483526244,159738.171649182,332590.315067774,0.185750825075688
2006,164,81,167123,455,ANOPLOPOMA FIMBRIA,SABLEFISH,MORUE CHARBONNI<c8>RE,urn:lsid:marinespecies.org:taxname:159463,1763488.58979429,1316554.81587343,2288662.36995803,0.143101901893126
2006,164,6,167110,461,HEXAGRAMMOS DECAGRAMMUS,KELP GREENLING,SOURCIL DE VARECH,urn:lsid:marinespecies.org:taxname:240732,7981.36162912031,957.659682186098,19567.3374940917,0.599405555861604
2006,164,117,167116,467,OPHIODON ELONGATUS,LINGCOD,MORUE-LINGUE,urn:lsid:marinespecies.org:taxname:240745,1866561.28922979,1377191.91200619,2361874.1086900798,0.134348187686403
2006,164,21,167293,510,ICELINUS FILAMENTOSUS,THREADFIN SCULPIN,IC<c9>LINE FILAMENTEUSE,urn:lsid:marinespecies.org:taxname:281136,4226.19337399496,2209.02309805679,6716.04613906697,0.27537660317919
2006,164,58,172716,596,CITHARICHTHYS SORDIDUS,PACIFIC SANDDAB,LIMANDE SORDIDE,urn:lsid:marinespecies.org:taxname:275694,915932.318108352,562116.437803721,1379765.36468903,0.232631660124871
2006,164,127,172862,602,ATHERESTHES STOMIAS,ARROWTOOTH FLOUNDER,PLIE <c0> GRANDE BOUCHE,urn:lsid:marinespecies.org:taxname:279792,7978495.55931842,5279201.05271704,11192651.1426112,0.183200774297484
2006,164,94,172868,607,EOPSETTA JORDANI,PETRALE SOLE,PLIE DE CALIFORNIE,urn:lsid:marinespecies.org:taxname:280690,285786.144200013,214433.078630955,361799.676123411,0.13011999443053
2006,164,146,172978,610,GLYPTOCEPHALUS ZACHIRUS,REX SOLE,PLIE ROYALE,urn:lsid:marinespecies.org:taxname:274287,1823038.49197207,1412145.34643997,2260313.60561629,0.121859648085263
2006,164,43,172875,612,HIPPOGLOSSOIDES ELASSODON,FLATHEAD SOLE,PLIE <c0> T<ca>TE PLATE,urn:lsid:marinespecies.org:taxname:274289,186235.22066394,87747.48028305,299643.018685003,0.293801355296501
2006,164,92,172932,614,HIPPOGLOSSUS STENOLEPIS,PACIFIC HALIBUT,FL<c9>TAN DU PACIFIQUE,urn:lsid:marinespecies.org:taxname:274290,1323956.2379707,920541.36055107,1838160.15948223,0.176351986073081
2006,164,26,172917,621,LEPIDOPSETTA BILINEATA,SOUTHERN ROCK SOLE,FAUSSE LIMANDE DU PACIFIQUE,urn:lsid:marinespecies.org:taxname:281305,67305.1435641893,35019.0089675556,104169.688253594,0.263713790055369
2006,164,82,172871,625,LYOPSETTA EXILIS,SLENDER SOLE,PLIE MINCE,urn:lsid:marinespecies.org:taxname:281452,90011.2070294949,45834.8029758529,166357.345196611,0.361512004055314
2006,164,131,172887,626,MICROSTOMUS PACIFICUS,DOVER SOLE,LIMANDE-SOLE,urn:lsid:marinespecies.org:taxname:274294,1757440.21013467,1397446.44518826,2191478.53514619,0.114590102887564
2006,164,105,172921,628,PAROPHRYS VETULUS,ENGLISH SOLE,CARLOTTIN ANGLAIS,urn:lsid:marinespecies.org:taxname:254393,1058117.30303098,768824.887761381,1376619.85036096,0.144364762134692
2006,164,12,172924,635,PLEURONICHTHYS DECURRENS,CURLFIN SOLE,PLIE <c0> NAGEOIRES FRIS<c9>ES,urn:lsid:marinespecies.org:taxname:282292,9716.64422601855,3529.50159214498,17853.5980734493,0.357103220183585
2008,159,8,159988,38,APRISTURUS BRUNNEUS,BROWN CAT SHARK,HOLBICHE BRUNE,urn:lsid:marinespecies.org:taxname:158512,2154.74230273165,813.65476870324,3816.98493955003,0.352604337473276
2008,159,128,160617,44,SQUALUS SUCKLEYI,NORTH PACIFIC SPINY DOGFISH,AIGUILLAT DU PACIFIQUE,urn:lsid:marinespecies.org:taxname:299224,12774294.1521167,4671618.57660871,23343102.5589967,0.377889869807915
2008,159,5,160848,56,BERINGRAJA BINOCULATA,BIG SKATE,RAIE BIOCELL<c9>E,urn:lsid:marinespecies.org:taxname:1021330,113951.71714511,9353.1178264178,250714.497459524,0.574175588121898
2008,159,28,160937,58,BATHYRAJA INTERRUPTA,SANDPAPER SKATE,RAIE RUGUEUSE,urn:lsid:marinespecies.org:taxname:271515,13069.0639355143,8251.35673228363,18988.6048082736,0.200722845218254
2008,159,96,160851,59,RAJA RHINA,LONGNOSE SKATE,POCHETEAU LONG-NEZ,urn:lsid:marinespecies.org:taxname:271581,581992.99312455,440777.975097636,754805.753067409,0.133854895012406
2008,159,140,161015,66,HYDROLAGUS COLLIEI,SPOTTED RATFISH,CHIM<c8>RE D<92>AM<c9>RIQUE,urn:lsid:marinespecies.org:taxname:271406,2881990.40802581,1146217.05441242,5076963.45517241,0.354466046384468
2008,159,13,161702,95,ALOSA SAPIDISSIMA,AMERICAN SHAD,ALOSE SAVOUREUSE,urn:lsid:marinespecies.org:taxname:158670,38929.7122152548,4127.01195313539,106834.137524354,0.821270959413325
2008,159,23,551209,96,CLUPEA PALLASII,PACIFIC HERRING,HARENG DU PACIFIQUE,urn:lsid:marinespecies.org:taxname:151159,34761.1449521333,12267.3048239252,67347.768285814,0.405773934791297
2008,159,47,162051,148,THALEICHTHYS PACIFICUS,EULACHON,EULAKANE,urn:lsid:marinespecies.org:taxname:282959,49163.7672907392,31313.3354175266,69671.8561928497,0.195977153228376
2008,159,65,164711,222,GADUS MACROCEPHALUS,PACIFIC COD,MORUE DU PACIFIQUE,urn:lsid:marinespecies.org:taxname:254538,512640.818921339,233142.157728849,986227.220663825,0.396082351655194
2008,159,62,164792,225,MERLUCCIUS PRODUCTUS,PACIFIC HAKE,MERLU DU PACIFIQUE,urn:lsid:marinespecies.org:taxname:272458,209279.212853406,94155.6670083782,351491.285414545,0.309639493819174
2008,159,18,934083,228,GADUS CHALCOGRAMMUS,WALLEYE POLLOCK,GOBERGE DE L<92>ALASKA,urn:lsid:marinespecies.org:taxname:300735,6755.08482548553,2671.67275205854,13635.9726694715,0.411529333454889
2008,159,38,550588,233,LYCODES CORTEZIANUS,BIGFIN EELPOUT,LYCODE <c0> GRANDES NAGEOIRES,urn:lsid:marinespecies.org:taxname:274097,13029.0202763204,8680.64345358507,18107.7143359518,0.183433987962267
2008,159,12,165261,243,LYCODES DIAPTERUS,BLACK EELPOUT,LYCODE NOIRE,urn:lsid:marinespecies.org:taxname:254597,1516.94567702197,586.892662109525,2800.13855404823,0.376276052452837
2008,159,41,630999,245,LYCODES PACIFICUS,BLACKBELLY EELPOUT,LYCODE <c0> VENTRE NOIR,urn:lsid:marinespecies.org:taxname:274116,35108.0740046687,15610.2099896404,60330.2921091365,0.327799536830772
2008,159,28,166706,394,SEBASTES ALEUTIANUS/MELANOSTICTUS COMPLEX,ROUGHEYE/BLACKSPOTTED ROCKFISH COMPLEX,COMPLEXE DES S<c9>BASTES <c0> <8c>IL <c9>PINEUX ET <c0> TACHES NOIRES,unknown,130821.783263697,55537.7425210424,231559.002820005,0.347334045989885
2008,159,60,166707,396,SEBASTES ALUTUS,PACIFIC OCEAN PERCH,S<c9>BASTE <c0> LONGUE M<c2>CHOIRE,urn:lsid:marinespecies.org:taxname:254573,1405912.48221726,961912.817959915,1928022.22343301,0.183645662535563
2008,159,58,166710,401,SEBASTES BABCOCKI,REDBANDED ROCKFISH,S<c9>BASTE <c0> BANDES ROUGES,urn:lsid:marinespecies.org:taxname:274775,81602.4935830378,56395.8404188446,108606.119524798,0.167980518329901
2008,159,8,166712,403,SEBASTES BOREALIS,SHORTRAKER ROCKFISH,S<c9>BASTE BOR<c9>AL,urn:lsid:marinespecies.org:taxname:274777,32884.4261354056,8760.28799334301,66097.8353175447,0.467246303587253
2008,159,46,166711,405,SEBASTES BREVISPINIS,SILVERGRAY ROCKFISH,S<c9>BASTE ARGENT<c9>,urn:lsid:marinespecies.org:taxname:274778,325886.92378383,197496.800715052,479922.536206087,0.213597302838988
2008,159,38,166715,410,SEBASTES CRAMERI,DARKBLOTCHED ROCKFISH,S<c9>BASTE TACHET<c9>,urn:lsid:marinespecies.org:taxname:274785,61803.7259377083,34128.2283738335,91854.8841298962,0.248715625441709
2008,159,45,166716,412,SEBASTES DIPLOPROA,SPLITNOSE ROCKFISH,GUEULE-DE-LOUP,urn:lsid:marinespecies.org:taxname:274787,1433285.68428869,809449.4035828,2164489.89998916,0.242191400151719
2008,159,84,166717,414,SEBASTES ELONGATUS,GREENSTRIPED ROCKFISH,S<c9>BASTE <c0> RAYURES VERTES,urn:lsid:marinespecies.org:taxname:274788,1010009.19459415,569157.130343355,1474980.83710163,0.228514150898665
2008,159,11,166719,417,SEBASTES ENTOMELAS,WIDOW ROCKFISH,VEUVE,urn:lsid:marinespecies.org:taxname:274791,14769.6138118142,2646.97964773626,34616.7750509625,0.542961936350877
2008,159,67,166720,418,SEBASTES FLAVIDUS,YELLOWTAIL ROCKFISH,S<c9>BASTE <c0> QUEUE JAUNE,urn:lsid:marinespecies.org:taxname:274795,3834418.13856897,948578.352202326,8333582.71630489,0.503728159617827
2008,159,40,166723,421,SEBASTES HELVOMACULATUS,ROSETHORN ROCKFISH,S<c9>BASTE ROSAC<c9>,urn:lsid:marinespecies.org:taxname:274799,108945.411391205,44384.0323205354,192366.881712664,0.369831127613473
2008,159,8,166726,424,SEBASTES MALIGER,QUILLBACK ROCKFISH,S<c9>BASTE <c0> DOS <c9>PINEUX,urn:lsid:marinespecies.org:taxname:274815,58119.8212697183,15269.3809494465,117745.832821117,0.450398208421192
2008,159,45,166733,435,SEBASTES PAUCISPINIS,BOCACCIO,BOCACCIO,urn:lsid:marinespecies.org:taxname:274833,149276.858230513,84779.6606232839,242222.220809508,0.277509226170427
2008,159,53,166734,437,SEBASTES PINNIGER,CANARY ROCKFISH,S<c9>BASTE CANARI,urn:lsid:marinespecies.org:taxname:274836,721147.509779172,411936.744348201,1133713.28613249,0.256317913312892
2008,159,28,166736,439,SEBASTES PRORIGER,REDSTRIPE ROCKFISH,S<c9>BASTE <c0> RAIE ROUGE,urn:lsid:marinespecies.org:taxname:274838,2490670.13897868,727810.689992407,4874729.77421725,0.440684981553702
2008,159,7,166737,440,SEBASTES REEDI,YELLOWMOUTH ROCKFISH,S<c9>BASTE <c0> BOUCHE JAUNE,urn:lsid:marinespecies.org:taxname:274840,38744.0282047959,3413.19939209065,97434.0910220025,0.693268293903284
2008,159,20,166740,442,SEBASTES RUBERRIMUS,YELLOWEYE ROCKFISH,S<c9>BASTE AUX YEUX JAUNES,urn:lsid:marinespecies.org:taxname:274844,147253.548930379,64776.0799897633,249052.183199176,0.320334679258128
2008,159,3,166741,444,SEBASTES SAXICOLA,STRIPETAIL ROCKFISH,S<c9>BASTE <c0> QUEUE RAY<c9>E,urn:lsid:marinespecies.org:taxname:274848,954.0433008168,0,2344.2466845738,0.705590804781395
2008,159,13,166743,448,SEBASTES WILSONI,PYGMY ROCKFISH,S<c9>BASTE PYGM<c9>E,urn:lsid:marinespecies.org:taxname:274868,6651.1810515713,2251.89788691598,11904.5966623738,0.367267788867117
2008,159,48,166744,450,SEBASTES ZACENTRUS,SHARPCHIN ROCKFISH,S<c9>BASTE <c0> MENTON POINTU,urn:lsid:marinespecies.org:taxname:274869,899301.51601783,474977.997210975,1391091.55085285,0.261848828892786
2008,159,51,166783,451,SEBASTOLOBUS ALASCANUS,SHORTSPINE THORNYHEAD,S<c9>BASTOLOBE <c0> COURTES <c9>PINES,urn:lsid:marinespecies.org:taxname:282740,167015.938423193,125492.715437422,214622.163824226,0.137153654836055
2008,159,85,167123,455,ANOPLOPOMA FIMBRIA,SABLEFISH,MORUE CHARBONNI<c8>RE,urn:lsid:marinespecies.org:taxname:159463,399851.636053733,289781.536851325,520850.033905344,0.144705569513707
2008,159,5,167110,461,HEXAGRAMMOS DECAGRAMMUS,KELP GREENLING,SOURCIL DE VARECH,urn:lsid:marinespecies.org:taxname:240732,6085.94194104356,548.049528829407,12295.7449605083,0.491062564773534
2008,159,84,167116,467,OPHIODON ELONGATUS,LINGCOD,MORUE-LINGUE,urn:lsid:marinespecies.org:taxname:240745,613679.185579261,490750.997829079,752013.918750986,0.106677297558776
2008,159,61,167293,510,ICELINUS FILAMENTOSUS,THREADFIN SCULPIN,IC<c9>LINE FILAMENTEUSE,urn:lsid:marinespecies.org:taxname:281136,23608.0999801321,11929.7424269942,41497.7756352203,0.306762139737665
2008,159,44,172716,596,CITHARICHTHYS SORDIDUS,PACIFIC SANDDAB,LIMANDE SORDIDE,urn:lsid:marinespecies.org:taxname:275694,1064282.73936029,627957.384762676,1547764.33561626,0.222330434413307
2008,159,150,172862,602,ATHERESTHES STOMIAS,ARROWTOOTH FLOUNDER,PLIE <c0> GRANDE BOUCHE,urn:lsid:marinespecies.org:taxname:279792,6438013.79078823,3722882.02085346,10776993.5303321,0.288159738793106
2008,159,95,172868,607,EOPSETTA JORDANI,PETRALE SOLE,PLIE DE CALIFORNIE,urn:lsid:marinespecies.org:taxname:280690,540135.555951836,390721.789878935,694242.150110548,0.145133364814618
2008,159,152,172978,610,GLYPTOCEPHALUS ZACHIRUS,REX SOLE,PLIE ROYALE,urn:lsid:marinespecies.org:taxname:274287,2896992.42596309,2369203.83049546,3467931.8074812,0.093499178200548
2008,159,48,172875,612,HIPPOGLOSSOIDES ELASSODON,FLATHEAD SOLE,PLIE <c0> T<ca>TE PLATE,urn:lsid:marinespecies.org:taxname:274289,576895.997735871,292953.876918252,934736.943575713,0.2963200792414
2008,159,82,172932,614,HIPPOGLOSSUS STENOLEPIS,PACIFIC HALIBUT,FL<c9>TAN DU PACIFIQUE,urn:lsid:marinespecies.org:taxname:274290,511729.727956417,382698.135246337,649753.734400119,0.130171259503572
2008,159,20,172917,621,LEPIDOPSETTA BILINEATA,SOUTHERN ROCK SOLE,FAUSSE LIMANDE DU PACIFIQUE,urn:lsid:marinespecies.org:taxname:281305,203296.304761719,75216.517933626,387175.356826194,0.410277666643999
2008,159,122,172871,625,LYOPSETTA EXILIS,SLENDER SOLE,PLIE MINCE,urn:lsid:marinespecies.org:taxname:281452,245834.855257045,192560.065877347,302838.300455704,0.117668107288393
2008,159,146,172887,626,MICROSTOMUS PACIFICUS,DOVER SOLE,LIMANDE-SOLE,urn:lsid:marinespecies.org:taxname:274294,2067077.69373232,1687380.58072608,2485628.3631294,0.101556237600796
2008,159,90,172921,628,PAROPHRYS VETULUS,ENGLISH SOLE,CARLOTTIN ANGLAIS,urn:lsid:marinespecies.org:taxname:254393,1077707.88499581,798048.969808809,1414615.26969578,0.144911483646301
2008,159,13,172924,635,PLEURONICHTHYS DECURRENS,CURLFIN SOLE,PLIE <c0> NAGEOIRES FRIS<c9>ES,urn:lsid:marinespecies.org:taxname:282292,31993.5444347221,12831.8903424202,58413.2802725086,0.351306936968185
2010,136,2,159988,38,APRISTURUS BRUNNEUS,BROWN CAT SHARK,HOLBICHE BRUNE,urn:lsid:marinespecies.org:taxname:158512,2433.87042450933,0,6177.23169708089,0.707778308129421
2010,136,116,160617,44,SQUALUS SUCKLEYI,NORTH PACIFIC SPINY DOGFISH,AIGUILLAT DU PACIFIQUE,urn:lsid:marinespecies.org:taxname:299224,20493990.2562885,11082868.3709452,31079612.214317,0.245680851971274
2010,136,10,160848,56,BERINGRAJA BINOCULATA,BIG SKATE,RAIE BIOCELL<c9>E,urn:lsid:marinespecies.org:taxname:1021330,81132.5350205709,20578.7550841065,170209.972229169,0.484014380967757
2010,136,5,160937,58,BATHYRAJA INTERRUPTA,SANDPAPER SKATE,RAIE RUGUEUSE,urn:lsid:marinespecies.org:taxname:271515,5179.56050396982,1001.19450906366,9957.02216650277,0.453170704897524
2010,136,74,160851,59,RAJA RHINA,LONGNOSE SKATE,POCHETEAU LONG-NEZ,urn:lsid:marinespecies.org:taxname:271581,472346.381891568,366121.623519352,596276.151744586,0.122997151579023
2010,136,115,161015,66,HYDROLAGUS COLLIEI,SPOTTED RATFISH,CHIM<c8>RE D<92>AM<c9>RIQUE,urn:lsid:marinespecies.org:taxname:271406,1165754.05075144,563399.680010722,2110164.65221568,0.351982499931386
2010,136,17,161702,95,ALOSA SAPIDISSIMA,AMERICAN SHAD,ALOSE SAVOUREUSE,urn:lsid:marinespecies.org:taxname:158670,11454.6318373073,2679.84426397431,27332.6920291032,0.623224187653004
2010,136,16,551209,96,CLUPEA PALLASII,PACIFIC HERRING,HARENG DU PACIFIQUE,urn:lsid:marinespecies.org:taxname:151159,3808.08660253715,1666.0148001376201,6449.35221844544,0.31320760334124
2010,136,35,162051,148,THALEICHTHYS PACIFICUS,EULACHON,EULAKANE,urn:lsid:marinespecies.org:taxname:282959,40431.6810673775,22625.8548890838,59856.6691378261,0.246909206966448
2010,136,100,164711,222,GADUS MACROCEPHALUS,PACIFIC COD,MORUE DU PACIFIQUE,urn:lsid:marinespecies.org:taxname:254538,1577389.01085091,1087252.1222784,2128212.9141696,0.166850926273026
2010,136,44,164792,225,MERLUCCIUS PRODUCTUS,PACIFIC HAKE,MERLU DU PACIFIQUE,urn:lsid:marinespecies.org:taxname:272458,276527.303241933,140071.717015077,454984.259844078,0.286679588686232
2010,136,23,934083,228,GADUS CHALCOGRAMMUS,WALLEYE POLLOCK,GOBERGE DE L<92>ALASKA,urn:lsid:marinespecies.org:taxname:300735,1575239.65901502,102129.966225991,3785698.473281,0.621137797661987
2010,136,15,550588,233,LYCODES CORTEZIANUS,BIGFIN EELPOUT,LYCODE <c0> GRANDES NAGEOIRES,urn:lsid:marinespecies.org:taxname:274097,8181.96091642204,4091.67293866258,13143.9807408922,0.276958502909776
2010,136,9,165261,243,LYCODES DIAPTERUS,BLACK EELPOUT,LYCODE NOIRE,urn:lsid:marinespecies.org:taxname:254597,2028.5026573296,643.568061106141,3921.18375466797,0.415642721038487
2010,136,39,630999,245,LYCODES PACIFICUS,BLACKBELLY EELPOUT,LYCODE <c0> VENTRE NOIR,urn:lsid:marinespecies.org:taxname:274116,18144.9839082362,11465.4552934343,26189.4938999798,0.221524655371592
2010,136,14,166706,394,SEBASTES ALEUTIANUS/MELANOSTICTUS COMPLEX,ROUGHEYE/BLACKSPOTTED ROCKFISH COMPLEX,COMPLEXE DES S<c9>BASTES <c0> <8c>IL <c9>PINEUX ET <c0> TACHES NOIRES,unknown,503570.191248547,149502.893126747,894742.044981189,0.382133461797302
2010,136,59,166707,396,SEBASTES ALUTUS,PACIFIC OCEAN PERCH,S<c9>BASTE <c0> LONGUE M<c2>CHOIRE,urn:lsid:marinespecies.org:taxname:254573,5132575.03164988,2666327.81342397,8286504.56523257,0.291380580079923
2010,136,39,166710,401,SEBASTES BABCOCKI,REDBANDED ROCKFISH,S<c9>BASTE <c0> BANDES ROUGES,urn:lsid:marinespecies.org:taxname:274775,172009.064088271,85316.955384565,287979.909124592,0.295115738801533
2010,136,4,166712,403,SEBASTES BOREALIS,SHORTRAKER ROCKFISH,S<c9>BASTE BOR<c9>AL,urn:lsid:marinespecies.org:taxname:274777,18902.7868283858,2829.68860053244,40846.8155685642,0.507207347889461
2010,136,43,166711,405,SEBASTES BREVISPINIS,SILVERGRAY ROCKFISH,S<c9>BASTE ARGENT<c9>,urn:lsid:marinespecies.org:taxname:274778,772912.511624216,366696.584314457,1265687.86283588,0.297007292817093
2010,136,21,166715,410,SEBASTES CRAMERI,DARKBLOTCHED ROCKFISH,S<c9>BASTE TACHET<c9>,urn:lsid:marinespecies.org:taxname:274785,94237.2573998185,31755.5346649574,174994.92693719,0.377959303801857
2010,136,25,166716,412,SEBASTES DIPLOPROA,SPLITNOSE ROCKFISH,GUEULE-DE-LOUP,urn:lsid:marinespecies.org:taxname:274787,1561138.526268,324407.536126465,3210602.63756449,0.502566303688512
2010,136,74,166717,414,SEBASTES ELONGATUS,GREENSTRIPED ROCKFISH,S<c9>BASTE <c0> RAYURES VERTES,urn:lsid:marinespecies.org:taxname:274788,794654.595518223,523211.907399036,1086329.99559622,0.183023554127221
2010,136,23,166719,417,SEBASTES ENTOMELAS,WIDOW ROCKFISH,VEUVE,urn:lsid:marinespecies.org:taxname:274791,1814999.61603848,47448.4290677602,5256818.77767836,0.919823252503843
2010,136,77,166720,418,SEBASTES FLAVIDUS,YELLOWTAIL ROCKFISH,S<c9>BASTE <c0> QUEUE JAUNE,urn:lsid:marinespecies.org:taxname:274795,5938574.26729975,3377987.66581914,9359826.74898775,0.260680195460728
2010,136,40,166723,421,SEBASTES HELVOMACULATUS,ROSETHORN ROCKFISH,S<c9>BASTE ROSAC<c9>,urn:lsid:marinespecies.org:taxname:274799,120224.199630403,65765.1480748574,185173.029440792,0.258980316770011
2010,136,10,166726,424,SEBASTES MALIGER,QUILLBACK ROCKFISH,S<c9>BASTE <c0> DOS <c9>PINEUX,urn:lsid:marinespecies.org:taxname:274815,40037.1479116675,11908.3770544277,81358.6014823597,0.450991009710738
2010,136,18,166733,435,SEBASTES PAUCISPINIS,BOCACCIO,BOCACCIO,urn:lsid:marinespecies.org:taxname:274833,93432.2269622243,35719.3840199839,169327.862883167,0.366930719432084
2010,136,58,166734,437,SEBASTES PINNIGER,CANARY ROCKFISH,S<c9>BASTE CANARI,urn:lsid:marinespecies.org:taxname:274836,3572098.56041555,1112721.86358061,6865772.04425568,0.430564589025809
2010,136,39,166736,439,SEBASTES PRORIGER,REDSTRIPE ROCKFISH,S<c9>BASTE <c0> RAIE ROUGE,urn:lsid:marinespecies.org:taxname:274838,2593559.92049106,1156150.14279678,4656622.75843026,0.329165581687183
2010,136,12,166737,440,SEBASTES REEDI,YELLOWMOUTH ROCKFISH,S<c9>BASTE <c0> BOUCHE JAUNE,urn:lsid:marinespecies.org:taxname:274840,342673.086168686,102089.665935384,646969.682660854,0.408573300316207
2010,136,25,166740,442,SEBASTES RUBERRIMUS,YELLOWEYE ROCKFISH,S<c9>BASTE AUX YEUX JAUNES,urn:lsid:marinespecies.org:taxname:274844,155851.815027585,74939.1183111111,246763.863847434,0.277116585706768
2010,136,4,166741,444,SEBASTES SAXICOLA,STRIPETAIL ROCKFISH,S<c9>BASTE <c0> QUEUE RAY<c9>E,urn:lsid:marinespecies.org:taxname:274848,57538.264090633,416.152084232681,165011.73267708,0.878087895051145
2010,136,21,166743,448,SEBASTES WILSONI,PYGMY ROCKFISH,S<c9>BASTE PYGM<c9>E,urn:lsid:marinespecies.org:taxname:274868,10424.592221996,4926.2611411046,17626.575256959,0.302004193906563
2010,136,41,166744,450,SEBASTES ZACENTRUS,SHARPCHIN ROCKFISH,S<c9>BASTE <c0> MENTON POINTU,urn:lsid:marinespecies.org:taxname:274869,2170607.06683516,1226682.18573676,3339177.24557555,0.252493914149214
2010,136,29,166783,451,SEBASTOLOBUS ALASCANUS,SHORTSPINE THORNYHEAD,S<c9>BASTOLOBE <c0> COURTES <c9>PINES,urn:lsid:marinespecies.org:taxname:282740,278863.241434602,175438.594847042,393437.541720406,0.202620383886649
2010,136,102,167123,455,ANOPLOPOMA FIMBRIA,SABLEFISH,MORUE CHARBONNI<c8>RE,urn:lsid:marinespecies.org:taxname:159463,2338849.71499614,1286885.99471329,3730272.3290637,0.262467551899887
2010,136,10,167110,461,HEXAGRAMMOS DECAGRAMMUS,KELP GREENLING,SOURCIL DE VARECH,urn:lsid:marinespecies.org:taxname:240732,7322.54761500952,2564.44480777166,13455.188304286,0.382976305903468
2010,136,90,167116,467,OPHIODON ELONGATUS,LINGCOD,MORUE-LINGUE,urn:lsid:marinespecies.org:taxname:240745,1097944.42560565,835504.842495795,1394953.56245189,0.130795405773125
2010,136,51,167293,510,ICELINUS FILAMENTOSUS,THREADFIN SCULPIN,IC<c9>LINE FILAMENTEUSE,urn:lsid:marinespecies.org:taxname:281136,41167.784017371,25570.4889496328,58110.1697513284,0.206160102677177
2010,136,37,172716,596,CITHARICHTHYS SORDIDUS,PACIFIC SANDDAB,LIMANDE SORDIDE,urn:lsid:marinespecies.org:taxname:275694,754602.694500781,447319.376863681,1110579.6672161,0.228643481831314
2010,136,124,172862,602,ATHERESTHES STOMIAS,ARROWTOOTH FLOUNDER,PLIE <c0> GRANDE BOUCHE,urn:lsid:marinespecies.org:taxname:279792,14706978.4558453,10448422.8248084,19712278.4852259,0.167331163930566
2010,136,96,172868,607,EOPSETTA JORDANI,PETRALE SOLE,PLIE DE CALIFORNIE,urn:lsid:marinespecies.org:taxname:280690,659802.829522151,486120.134936746,869365.415290507,0.146879547498613
2010,136,128,172978,610,GLYPTOCEPHALUS ZACHIRUS,REX SOLE,PLIE ROYALE,urn:lsid:marinespecies.org:taxname:274287,2103813.11709579,1739429.83620081,2491681.22127411,0.0915554766676942
2010,136,39,172875,612,HIPPOGLOSSOIDES ELASSODON,FLATHEAD SOLE,PLIE <c0> T<ca>TE PLATE,urn:lsid:marinespecies.org:taxname:274289,298930.303688745,134190.15631247,518771.174032615,0.32404402541679
2010,136,58,172932,614,HIPPOGLOSSUS STENOLEPIS,PACIFIC HALIBUT,FL<c9>TAN DU PACIFIQUE,urn:lsid:marinespecies.org:taxname:274290,539138.731000996,396370.572845167,700516.4608923,0.145790661202812
2010,136,27,172917,621,LEPIDOPSETTA BILINEATA,SOUTHERN ROCK SOLE,FAUSSE LIMANDE DU PACIFIQUE,urn:lsid:marinespecies.org:taxname:281305,231829.013041568,71807.9494082406,522874.449674113,0.556452572622104
2010,136,107,172871,625,LYOPSETTA EXILIS,SLENDER SOLE,PLIE MINCE,urn:lsid:marinespecies.org:taxname:281452,141250.021253006,107870.235542871,174357.321966875,0.124585355290932
2010,136,126,172887,626,MICROSTOMUS PACIFICUS,DOVER SOLE,LIMANDE-SOLE,urn:lsid:marinespecies.org:taxname:274294,1870847.04379727,1518299.74201104,2324262.04380492,0.108627208196163
2010,136,92,172921,628,PAROPHRYS VETULUS,ENGLISH SOLE,CARLOTTIN ANGLAIS,urn:lsid:marinespecies.org:taxname:254393,1600686.53632887,1213405.31041019,2085788.37090439,0.140460088995793
2010,136,10,172924,635,PLEURONICHTHYS DECURRENS,CURLFIN SOLE,PLIE <c0> NAGEOIRES FRIS<c9>ES,urn:lsid:marinespecies.org:taxname:282292,11956.9161341144,3744.7578872437,22446.8687118184,0.397710294396501
2012,151,6,159988,38,APRISTURUS BRUNNEUS,BROWN CAT SHARK,HOLBICHE BRUNE,urn:lsid:marinespecies.org:taxname:158512,4632.8782968754,831.364843738,10046.9571554205,0.51272468241259
2012,151,90,160617,44,SQUALUS SUCKLEYI,NORTH PACIFIC SPINY DOGFISH,AIGUILLAT DU PACIFIQUE,urn:lsid:marinespecies.org:taxname:299224,10630726.9380168,3154833.7320445,20846411.7455872,0.440369132219642
2012,151,8,160848,56,BERINGRAJA BINOCULATA,BIG SKATE,RAIE BIOCELL<c9>E,urn:lsid:marinespecies.org:taxname:1021330,93441.1441356531,18865.68140702,198930.879699383,0.509814466835992
2012,151,15,160937,58,BATHYRAJA INTERRUPTA,SANDPAPER SKATE,RAIE RUGUEUSE,urn:lsid:marinespecies.org:taxname:271515,5966.20564331245,2891.82920166464,9697.6384845902,0.293685382228022
2012,151,60,160851,59,RAJA RHINA,LONGNOSE SKATE,POCHETEAU LONG-NEZ,urn:lsid:marinespecies.org:taxname:271581,329654.935703428,205499.786452631,508037.823847722,0.239921268253562
2012,151,134,161015,66,HYDROLAGUS COLLIEI,SPOTTED RATFISH,CHIM<c8>RE D<92>AM<c9>RIQUE,urn:lsid:marinespecies.org:taxname:271406,3160450.61229608,1886832.02400659,5172238.64747641,0.263752157352166
2012,151,7,161702,95,ALOSA SAPIDISSIMA,AMERICAN SHAD,ALOSE SAVOUREUSE,urn:lsid:marinespecies.org:taxname:158670,10692.6342269172,3006.43415008876,20912.1384195739,0.420127324747174
2012,151,37,551209,96,CLUPEA PALLASII,PACIFIC HERRING,HARENG DU PACIFIQUE,urn:lsid:marinespecies.org:taxname:151159,14169.6005625829,7391.17918742051,22466.6430316913,0.293843202693975
2012,151,51,162051,148,THALEICHTHYS PACIFICUS,EULACHON,EULAKANE,urn:lsid:marinespecies.org:taxname:282959,92892.7523701625,50814.8895586761,143555.223261017,0.255301739073853
2012,151,94,164711,222,GADUS MACROCEPHALUS,PACIFIC COD,MORUE DU PACIFIQUE,urn:lsid:marinespecies.org:taxname:254538,921271.673448898,626184.614839978,1279582.88606474,0.183970319104219
2012,151,52,164792,225,MERLUCCIUS PRODUCTUS,PACIFIC HAKE,MERLU DU PACIFIQUE,urn:lsid:marinespecies.org:taxname:272458,650153.423475036,178132.539600456,1534650.49314724,0.633579264578736
2012,151,55,934083,228,GADUS CHALCOGRAMMUS,WALLEYE POLLOCK,GOBERGE DE L<92>ALASKA,urn:lsid:marinespecies.org:taxname:300735,469109.223698605,177134.671369603,841078.449658094,0.378633487010295
2012,151,16,550588,233,LYCODES CORTEZIANUS,BIGFIN EELPOUT,LYCODE <c0> GRANDES NAGEOIRES,urn:lsid:marinespecies.org:taxname:274097,3767.15719428728,1338.36271097791,6788.39540739462,0.387824826390371
2012,151,18,165261,243,LYCODES DIAPTERUS,BLACK EELPOUT,LYCODE NOIRE,urn:lsid:marinespecies.org:taxname:254597,2993.59936685944,1562.9258984705,4741.36351605743,0.265062961444421
2012,151,42,630999,245,LYCODES PACIFICUS,BLACKBELLY EELPOUT,LYCODE <c0> VENTRE NOIR,urn:lsid:marinespecies.org:taxname:274116,79428.5596488413,39353.9165677593,130909.873010449,0.292193615477553
2012,151,30,166706,394,SEBASTES ALEUTIANUS/MELANOSTICTUS COMPLEX,ROUGHEYE/BLACKSPOTTED ROCKFISH COMPLEX,COMPLEXE DES S<c9>BASTES <c0> <8c>IL <c9>PINEUX ET <c0> TACHES NOIRES,unknown,128098.217553243,59173.6224743349,221400.92019568,0.319189907461176
2012,151,61,166707,396,SEBASTES ALUTUS,PACIFIC OCEAN PERCH,S<c9>BASTE <c0> LONGUE M<c2>CHOIRE,urn:lsid:marinespecies.org:taxname:254573,2755161.48886284,1580450.35511272,4301627.69827399,0.255349636004614
2012,151,45,166710,401,SEBASTES BABCOCKI,REDBANDED ROCKFISH,S<c9>BASTE <c0> BANDES ROUGES,urn:lsid:marinespecies.org:taxname:274775,261280.360322369,117990.857066142,439458.166341461,0.314614166085102
2012,151,9,166712,403,SEBASTES BOREALIS,SHORTRAKER ROCKFISH,S<c9>BASTE BOR<c9>AL,urn:lsid:marinespecies.org:taxname:274777,40993.1507294738,11948.2830305508,74676.8941275281,0.392427439429397
2012,151,45,166711,405,SEBASTES BREVISPINIS,SILVERGRAY ROCKFISH,S<c9>BASTE ARGENT<c9>,urn:lsid:marinespecies.org:taxname:274778,2805332.74149936,257354.16419993,7317799.98391344,0.774171492535536
2012,151,24,166715,410,SEBASTES CRAMERI,DARKBLOTCHED ROCKFISH,S<c9>BASTE TACHET<c9>,urn:lsid:marinespecies.org:taxname:274785,163188.573295479,49935.7430399643,316444.795971538,0.394672956516101
2012,151,36,166716,412,SEBASTES DIPLOPROA,SPLITNOSE ROCKFISH,GUEULE-DE-LOUP,urn:lsid:marinespecies.org:taxname:274787,1553497.03852987,617969.557892522,2655495.14232039,0.326267064779704
2012,151,67,166717,414,SEBASTES ELONGATUS,GREENSTRIPED ROCKFISH,S<c9>BASTE <c0> RAYURES VERTES,urn:lsid:marinespecies.org:taxname:274788,803914.785173001,563243.643376583,1117914.9514949,0.176176286436564
2012,151,12,166719,417,SEBASTES ENTOMELAS,WIDOW ROCKFISH,VEUVE,urn:lsid:marinespecies.org:taxname:274791,9905.14957050895,2298.69814864691,21491.1982787184,0.528805438999997
2012,151,40,166720,418,SEBASTES FLAVIDUS,YELLOWTAIL ROCKFISH,S<c9>BASTE <c0> QUEUE JAUNE,urn:lsid:marinespecies.org:taxname:274795,1098230.51097006,498958.5813363,1842305.04307627,0.305852552053514
2012,151,48,166723,421,SEBASTES HELVOMACULATUS,ROSETHORN ROCKFISH,S<c9>BASTE ROSAC<c9>,urn:lsid:marinespecies.org:taxname:274799,276043.54191118,70500.1232654536,639237.847571161,0.606989466463949
2012,151,17,166726,424,SEBASTES MALIGER,QUILLBACK ROCKFISH,S<c9>BASTE <c0> DOS <c9>PINEUX,urn:lsid:marinespecies.org:taxname:274815,65665.6276574507,34554.4745395988,103661.937709215,0.267921389383282
2012,151,16,166733,435,SEBASTES PAUCISPINIS,BOCACCIO,BOCACCIO,urn:lsid:marinespecies.org:taxname:274833,46723.8743628674,13478.2244043823,92395.6932158823,0.45800706800665
2012,151,49,166734,437,SEBASTES PINNIGER,CANARY ROCKFISH,S<c9>BASTE CANARI,urn:lsid:marinespecies.org:taxname:274836,2001147.87010688,361979.886393591,4818662.03786055,0.607793534491925
2012,151,44,166736,439,SEBASTES PRORIGER,REDSTRIPE ROCKFISH,S<c9>BASTE <c0> RAIE ROUGE,urn:lsid:marinespecies.org:taxname:274838,7397251.25222656,1108656.33869054,17398876.9492829,0.633344865879514
2012,151,12,166737,440,SEBASTES REEDI,YELLOWMOUTH ROCKFISH,S<c9>BASTE <c0> BOUCHE JAUNE,urn:lsid:marinespecies.org:taxname:274840,125079.269490907,9915.51097047075,319519.25935381,0.711328279267916
2012,151,16,166740,442,SEBASTES RUBERRIMUS,YELLOWEYE ROCKFISH,S<c9>BASTE AUX YEUX JAUNES,urn:lsid:marinespecies.org:taxname:274844,142969.289746,67121.1555058997,241837.296341208,0.308017179606498
2012,151,7,166741,444,SEBASTES SAXICOLA,STRIPETAIL ROCKFISH,S<c9>BASTE <c0> QUEUE RAY<c9>E,urn:lsid:marinespecies.org:taxname:274848,3520.58623141444,681.053268860577,7422.03959824453,0.499532778443965
2012,151,22,166743,448,SEBASTES WILSONI,PYGMY ROCKFISH,S<c9>BASTE PYGM<c9>E,urn:lsid:marinespecies.org:taxname:274868,31551.2423319828,7676.48969849691,69742.553569466,0.505644632960412
2012,151,57,166744,450,SEBASTES ZACENTRUS,SHARPCHIN ROCKFISH,S<c9>BASTE <c0> MENTON POINTU,urn:lsid:marinespecies.org:taxname:274869,2908539.52933925,1110648.7699615,5791973.98734566,0.392616468755886
2012,151,41,166783,451,SEBASTOLOBUS ALASCANUS,SHORTSPINE THORNYHEAD,S<c9>BASTOLOBE <c0> COURTES <c9>PINES,urn:lsid:marinespecies.org:taxname:282740,215236.21191743,170515.489304108,264496.463061514,0.116671540564557
2012,151,70,167123,455,ANOPLOPOMA FIMBRIA,SABLEFISH,MORUE CHARBONNI<c8>RE,urn:lsid:marinespecies.org:taxname:159463,1347734.4922983,689905.313988323,2276793.08507119,0.312642218735088
2012,151,17,167110,461,HEXAGRAMMOS DECAGRAMMUS,KELP GREENLING,SOURCIL DE VARECH,urn:lsid:marinespecies.org:taxname:240732,28751.0420867081,12380.6739886411,49747.3539692016,0.342583358170871
2012,151,88,167116,467,OPHIODON ELONGATUS,LINGCOD,MORUE-LINGUE,urn:lsid:marinespecies.org:taxname:240745,611131.507054771,427363.784517096,813512.420678911,0.161401332974941
2012,151,43,167293,510,ICELINUS FILAMENTOSUS,THREADFIN SCULPIN,IC<c9>LINE FILAMENTEUSE,urn:lsid:marinespecies.org:taxname:281136,50990.5381803279,30815.226350574,77024.6490209674,0.224954820755539
2012,151,47,172716,596,CITHARICHTHYS SORDIDUS,PACIFIC SANDDAB,LIMANDE SORDIDE,urn:lsid:marinespecies.org:taxname:275694,785779.773777931,343039.160637197,1304998.64145609,0.307821051625849
2012,151,134,172862,602,ATHERESTHES STOMIAS,ARROWTOOTH FLOUNDER,PLIE <c0> GRANDE BOUCHE,urn:lsid:marinespecies.org:taxname:279792,5478169.28743236,3880837.24681591,6973781.35277565,0.145017215526489
2012,151,89,172868,607,EOPSETTA JORDANI,PETRALE SOLE,PLIE DE CALIFORNIE,urn:lsid:marinespecies.org:taxname:280690,627160.085796656,406311.042995046,955656.883613347,0.221584947815518
2012,151,135,172978,610,GLYPTOCEPHALUS ZACHIRUS,REX SOLE,PLIE ROYALE,urn:lsid:marinespecies.org:taxname:274287,1437060.78723279,1229204.00881634,1695893.14044551,0.0840755156430734
2012,151,54,172875,612,HIPPOGLOSSOIDES ELASSODON,FLATHEAD SOLE,PLIE <c0> T<ca>TE PLATE,urn:lsid:marinespecies.org:taxname:274289,724020.482420942,348988.132051015,1162693.11284444,0.292572685509562
2012,151,61,172932,614,HIPPOGLOSSUS STENOLEPIS,PACIFIC HALIBUT,FL<c9>TAN DU PACIFIQUE,urn:lsid:marinespecies.org:taxname:274290,556628.837636521,349716.00811385,796370.296253363,0.209061707193196
2012,151,36,172917,621,LEPIDOPSETTA BILINEATA,SOUTHERN ROCK SOLE,FAUSSE LIMANDE DU PACIFIQUE,urn:lsid:marinespecies.org:taxname:281305,274353.816248439,139510.357528209,457514.210440307,0.294534689857881
2012,151,99,172871,625,LYOPSETTA EXILIS,SLENDER SOLE,PLIE MINCE,urn:lsid:marinespecies.org:taxname:281452,119601.607732263,85535.2396168414,157675.831176261,0.15546191260215
2012,151,131,172887,626,MICROSTOMUS PACIFICUS,DOVER SOLE,LIMANDE-SOLE,urn:lsid:marinespecies.org:taxname:274294,1397415.79737926,1094935.44871432,1721572.81377364,0.115501438039878
2012,151,89,172921,628,PAROPHRYS VETULUS,ENGLISH SOLE,CARLOTTIN ANGLAIS,urn:lsid:marinespecies.org:taxname:254393,1137171.40784952,699885.719738709,1712003.11313485,0.225157551657422
2012,151,20,172924,635,PLEURONICHTHYS DECURRENS,CURLFIN SOLE,PLIE <c0> NAGEOIRES FRIS<c9>ES,urn:lsid:marinespecies.org:taxname:282292,44522.5228212115,24048.3327027924,69417.1547864472,0.264191250000102
2014,146,5,159988,38,APRISTURUS BRUNNEUS,BROWN CAT SHARK,HOLBICHE BRUNE,urn:lsid:marinespecies.org:taxname:158512,1339.89091054207,337.089842144,2611.54997700244,0.445468849757002
2014,146,98,160617,44,SQUALUS SUCKLEYI,NORTH PACIFIC SPINY DOGFISH,AIGUILLAT DU PACIFIQUE,urn:lsid:marinespecies.org:taxname:299224,4664159.06208195,2537518.33558284,7479933.05852813,0.27833807166924
2014,146,12,160848,56,BERINGRAJA BINOCULATA,BIG SKATE,RAIE BIOCELL<c9>E,urn:lsid:marinespecies.org:taxname:1021330,84440.6443975616,26383.9824974755,175699.187266257,0.45695338865388
2014,146,14,160937,58,BATHYRAJA INTERRUPTA,SANDPAPER SKATE,RAIE RUGUEUSE,urn:lsid:marinespecies.org:taxname:271515,6187.16774430539,1906.70497772461,12147.7080471582,0.427084238255465
2014,146,65,160851,59,RAJA RHINA,LONGNOSE SKATE,POCHETEAU LONG-NEZ,urn:lsid:marinespecies.org:taxname:271581,321000.519276036,230351.764460729,432655.965012845,0.161383678104369
2014,146,132,161015,66,HYDROLAGUS COLLIEI,SPOTTED RATFISH,CHIM<c8>RE D<92>AM<c9>RIQUE,urn:lsid:marinespecies.org:taxname:271406,1675188.31975988,1188110.01710493,2328571.65572017,0.172196713362608
2014,146,29,161702,95,ALOSA SAPIDISSIMA,AMERICAN SHAD,ALOSE SAVOUREUSE,urn:lsid:marinespecies.org:taxname:158670,18529.9327424555,10395.413237825,28253.2301491487,0.246781843812874
2014,146,62,551209,96,CLUPEA PALLASII,PACIFIC HERRING,HARENG DU PACIFIQUE,urn:lsid:marinespecies.org:taxname:151159,43116.2661578853,29941.6905439434,59456.1345922512,0.174263109218108
2014,146,70,162051,148,THALEICHTHYS PACIFICUS,EULACHON,EULAKANE,urn:lsid:marinespecies.org:taxname:282959,1068416.72250137,658490.802836355,1527576.97401485,0.211665606369942
2014,146,110,164711,222,GADUS MACROCEPHALUS,PACIFIC COD,MORUE DU PACIFIQUE,urn:lsid:marinespecies.org:taxname:254538,2149365.92965984,1342655.89821954,3076251.46932825,0.200810778419037
2014,146,38,164792,225,MERLUCCIUS PRODUCTUS,PACIFIC HAKE,MERLU DU PACIFIQUE,urn:lsid:marinespecies.org:taxname:272458,359169.24665419,180051.721123446,603056.66719176,0.301341547795197
2014,146,61,934083,228,GADUS CHALCOGRAMMUS,WALLEYE POLLOCK,GOBERGE DE L<92>ALASKA,urn:lsid:marinespecies.org:taxname:300735,1108831.37673148,280327.946714358,2435702.8834073,0.501859418611501
2014,146,27,550588,233,LYCODES CORTEZIANUS,BIGFIN EELPOUT,LYCODE <c0> GRANDES NAGEOIRES,urn:lsid:marinespecies.org:taxname:274097,20019.7274915864,9770.01662170657,33913.8301649239,0.300934312513984
2014,146,10,165261,243,LYCODES DIAPTERUS,BLACK EELPOUT,LYCODE NOIRE,urn:lsid:marinespecies.org:taxname:254597,1655.53606909143,615.685836484323,2890.29566456426,0.357040537405748
2014,146,61,630999,245,LYCODES PACIFICUS,BLACKBELLY EELPOUT,LYCODE <c0> VENTRE NOIR,urn:lsid:marinespecies.org:taxname:274116,158074.436053281,89488.426248430507,243142.540553067,0.245450543310546
2014,146,29,166706,394,SEBASTES ALEUTIANUS/MELANOSTICTUS COMPLEX,ROUGHEYE/BLACKSPOTTED ROCKFISH COMPLEX,COMPLEXE DES S<c9>BASTES <c0> <8c>IL <c9>PINEUX ET <c0> TACHES NOIRES,unknown,157330.197613082,75714.3200111353,252824.149177332,0.295482702190601
2014,146,56,166707,396,SEBASTES ALUTUS,PACIFIC OCEAN PERCH,S<c9>BASTE <c0> LONGUE M<c2>CHOIRE,urn:lsid:marinespecies.org:taxname:254573,5248608.99023576,1885278.88290492,9551886.47405436,0.377472579331326
2014,146,42,166710,401,SEBASTES BABCOCKI,REDBANDED ROCKFISH,S<c9>BASTE <c0> BANDES ROUGES,urn:lsid:marinespecies.org:taxname:274775,260373.193705454,127785.82723449,425311.820928502,0.304433738278887
2014,146,2,166712,403,SEBASTES BOREALIS,SHORTRAKER ROCKFISH,S<c9>BASTE BOR<c9>AL,urn:lsid:marinespecies.org:taxname:274777,6049.134193608,0,17127.543746016,0.825871013301988
2014,146,41,166711,405,SEBASTES BREVISPINIS,SILVERGRAY ROCKFISH,S<c9>BASTE ARGENT<c9>,urn:lsid:marinespecies.org:taxname:274778,780303.854974996,328104.709395792,1387863.56349862,0.352964497023353
2014,146,26,166715,410,SEBASTES CRAMERI,DARKBLOTCHED ROCKFISH,S<c9>BASTE TACHET<c9>,urn:lsid:marinespecies.org:taxname:274785,166714.502109293,34038.6154403224,366329.237536313,0.527695418313089
2014,146,36,166716,412,SEBASTES DIPLOPROA,SPLITNOSE ROCKFISH,GUEULE-DE-LOUP,urn:lsid:marinespecies.org:taxname:274787,2960583.47188956,495341.581079303,6595871.87539159,0.538747852054523
2014,146,76,166717,414,SEBASTES ELONGATUS,GREENSTRIPED ROCKFISH,S<c9>BASTE <c0> RAYURES VERTES,urn:lsid:marinespecies.org:taxname:274788,722888.204528947,478353.967924515,1010956.18519233,0.180269098775541
2014,146,26,166719,417,SEBASTES ENTOMELAS,WIDOW ROCKFISH,VEUVE,urn:lsid:marinespecies.org:taxname:274791,58048.4230149693,22449.2842402454,102373.394599171,0.36390583859376
2014,146,72,166720,418,SEBASTES FLAVIDUS,YELLOWTAIL ROCKFISH,S<c9>BASTE <c0> QUEUE JAUNE,urn:lsid:marinespecies.org:taxname:274795,5161502.44774986,2189319.8060506,9408949.05581629,0.351284710882947
2014,146,42,166723,421,SEBASTES HELVOMACULATUS,ROSETHORN ROCKFISH,S<c9>BASTE ROSAC<c9>,urn:lsid:marinespecies.org:taxname:274799,81519.1665632205,39962.9392935478,134326.604550218,0.305423912633812
2014,146,9,166726,424,SEBASTES MALIGER,QUILLBACK ROCKFISH,S<c9>BASTE <c0> DOS <c9>PINEUX,urn:lsid:marinespecies.org:taxname:274815,35312.6364134885,11686.2013777754,65051.4075411379,0.377810796121013
2014,146,12,166733,435,SEBASTES PAUCISPINIS,BOCACCIO,BOCACCIO,urn:lsid:marinespecies.org:taxname:274833,29542.3507996363,10824.100426695,51938.0160990331,0.368456848274809
2014,146,58,166734,437,SEBASTES PINNIGER,CANARY ROCKFISH,S<c9>BASTE CANARI,urn:lsid:marinespecies.org:taxname:274836,973809.84823698,203371.55612554,2377923.4303744,0.676312635542574
2014,146,43,166736,439,SEBASTES PRORIGER,REDSTRIPE ROCKFISH,S<c9>BASTE <c0> RAIE ROUGE,urn:lsid:marinespecies.org:taxname:274838,2163038.282197,876422.39213354,3938200.47197273,0.347735875197713
2014,146,7,166737,440,SEBASTES REEDI,YELLOWMOUTH ROCKFISH,S<c9>BASTE <c0> BOUCHE JAUNE,urn:lsid:marinespecies.org:taxname:274840,188259.901245611,7867.94782241079,455071.650270754,0.631381023599579
2014,146,18,166740,442,SEBASTES RUBERRIMUS,YELLOWEYE ROCKFISH,S<c9>BASTE AUX YEUX JAUNES,urn:lsid:marinespecies.org:taxname:274844,61894.917008097,23561.200660758,109303.641283419,0.356054690622334
2014,146,8,166741,444,SEBASTES SAXICOLA,STRIPETAIL ROCKFISH,S<c9>BASTE <c0> QUEUE RAY<c9>E,urn:lsid:marinespecies.org:taxname:274848,6679.51522965657,561.627623999172,16910.9865841031,0.721678703978515
2014,146,21,166743,448,SEBASTES WILSONI,PYGMY ROCKFISH,S<c9>BASTE PYGM<c9>E,urn:lsid:marinespecies.org:taxname:274868,10611.4564239641,2947.44989441419,22430.0567868054,0.484381794903933
2014,146,58,166744,450,SEBASTES ZACENTRUS,SHARPCHIN ROCKFISH,S<c9>BASTE <c0> MENTON POINTU,urn:lsid:marinespecies.org:taxname:274869,2813893.37123708,908711.198304098,5618559.16503694,0.438872637717119
2014,146,42,166783,451,SEBASTOLOBUS ALASCANUS,SHORTSPINE THORNYHEAD,S<c9>BASTOLOBE <c0> COURTES <c9>PINES,urn:lsid:marinespecies.org:taxname:282740,185648.03303188,141575.890339919,232822.830151871,0.126908212966276
2014,146,96,167123,455,ANOPLOPOMA FIMBRIA,SABLEFISH,MORUE CHARBONNI<c8>RE,urn:lsid:marinespecies.org:taxname:159463,1076178.39883358,707712.040749753,1483084.81093319,0.19015988306417
2014,146,9,167110,461,HEXAGRAMMOS DECAGRAMMUS,KELP GREENLING,SOURCIL DE VARECH,urn:lsid:marinespecies.org:taxname:240732,14349.4480411874,2756.66982356279,31749.1971167815,0.535722251204122
2014,146,88,167116,467,OPHIODON ELONGATUS,LINGCOD,MORUE-LINGUE,urn:lsid:marinespecies.org:taxname:240745,1025182.88063717,686298.749272723,1477270.16720911,0.194753148367898
2014,146,60,167293,510,ICELINUS FILAMENTOSUS,THREADFIN SCULPIN,IC<c9>LINE FILAMENTEUSE,urn:lsid:marinespecies.org:taxname:281136,48334.8173199511,30985.4785770176,70479.4413860871,0.201682017060841
2014,146,40,172716,596,CITHARICHTHYS SORDIDUS,PACIFIC SANDDAB,LIMANDE SORDIDE,urn:lsid:marinespecies.org:taxname:275694,833682.531414564,444202.58855664,1258953.70666928,0.250449185471979
2014,146,141,172862,602,ATHERESTHES STOMIAS,ARROWTOOTH FLOUNDER,PLIE <c0> GRANDE BOUCHE,urn:lsid:marinespecies.org:taxname:279792,13824450.3166791,10898193.6208521,16995425.3581522,0.110932299305694
2014,146,99,172868,607,EOPSETTA JORDANI,PETRALE SOLE,PLIE DE CALIFORNIE,urn:lsid:marinespecies.org:taxname:280690,1232659.03871916,896516.268879993,1634368.68042874,0.15461878403116
2014,146,135,172978,610,GLYPTOCEPHALUS ZACHIRUS,REX SOLE,PLIE ROYALE,urn:lsid:marinespecies.org:taxname:274287,3144316.83743673,2687092.96385863,3600731.65407508,0.0748875102890406
2014,146,66,172875,612,HIPPOGLOSSOIDES ELASSODON,FLATHEAD SOLE,PLIE <c0> T<ca>TE PLATE,urn:lsid:marinespecies.org:taxname:274289,1329629.3237071,830431.586418511,1987329.48043449,0.219680561842034
2014,146,89,172932,614,HIPPOGLOSSUS STENOLEPIS,PACIFIC HALIBUT,FL<c9>TAN DU PACIFIQUE,urn:lsid:marinespecies.org:taxname:274290,831662.979713804,633389.372844763,1063630.39415732,0.126740161227751
2014,146,35,172917,621,LEPIDOPSETTA BILINEATA,SOUTHERN ROCK SOLE,FAUSSE LIMANDE DU PACIFIQUE,urn:lsid:marinespecies.org:taxname:281305,302396.30149783,138147.873778697,494790.876663905,0.296941322424649
2014,146,125,172871,625,LYOPSETTA EXILIS,SLENDER SOLE,PLIE MINCE,urn:lsid:marinespecies.org:taxname:281452,300725.250513025,231222.893433173,381291.499759732,0.128415467542763
2014,146,134,172887,626,MICROSTOMUS PACIFICUS,DOVER SOLE,LIMANDE-SOLE,urn:lsid:marinespecies.org:taxname:274294,2063539.48035625,1735495.9238973,2413230.73155419,0.083175166597754
2014,146,104,172921,628,PAROPHRYS VETULUS,ENGLISH SOLE,CARLOTTIN ANGLAIS,urn:lsid:marinespecies.org:taxname:254393,2136052.79269584,1598660.36671666,2734858.081869,0.138591121535063
2014,146,6,172924,635,PLEURONICHTHYS DECURRENS,CURLFIN SOLE,PLIE <c0> NAGEOIRES FRIS<c9>ES,urn:lsid:marinespecies.org:taxname:282292,9498.29292461207,1899.60165275178,19643.4702704938,0.473026583125413
2016,140,7,159988,38,APRISTURUS BRUNNEUS,BROWN CAT SHARK,HOLBICHE BRUNE,urn:lsid:marinespecies.org:taxname:158512,4359.51039478842,863.223332225415,10588.6341224158,0.598291099483488
2016,140,102,160617,44,SQUALUS SUCKLEYI,NORTH PACIFIC SPINY DOGFISH,AIGUILLAT DU PACIFIQUE,urn:lsid:marinespecies.org:taxname:299224,3451500.91745556,2106259.59935491,5116404.60200543,0.223303651419107
2016,140,19,160848,56,BERINGRAJA BINOCULATA,BIG SKATE,RAIE BIOCELL<c9>E,urn:lsid:marinespecies.org:taxname:1021330,214718.612694247,104088.587609712,365041.830909904,0.300098635367705
2016,140,21,160937,58,BATHYRAJA INTERRUPTA,SANDPAPER SKATE,RAIE RUGUEUSE,urn:lsid:marinespecies.org:taxname:271515,13549.9842258882,7076.44253575706,20604.1708984077,0.252545205429209
2016,140,61,160851,59,RAJA RHINA,LONGNOSE SKATE,POCHETEAU LONG-NEZ,urn:lsid:marinespecies.org:taxname:271581,305030.818819058,215020.525435768,392887.246710954,0.150296480892284
2016,140,128,161015,66,HYDROLAGUS COLLIEI,SPOTTED RATFISH,CHIM<c8>RE D<92>AM<c9>RIQUE,urn:lsid:marinespecies.org:taxname:271406,2167554.19617125,993741.458929107,4332928.05378894,0.400497075135616
2016,140,28,161702,95,ALOSA SAPIDISSIMA,AMERICAN SHAD,ALOSE SAVOUREUSE,urn:lsid:marinespecies.org:taxname:158670,37930.8107109346,19618.1657288379,59702.4884887827,0.274573408783921
2016,140,37,551209,96,CLUPEA PALLASII,PACIFIC HERRING,HARENG DU PACIFIQUE,urn:lsid:marinespecies.org:taxname:151159,9999.16018466097,6992.16647595628,13495.5845633838,0.157468995399882
2016,140,46,162051,148,THALEICHTHYS PACIFICUS,EULACHON,EULAKANE,urn:lsid:marinespecies.org:taxname:282959,69493.0030841223,36957.8263110199,108279.92296684,0.267733388968716
2016,140,99,164711,222,GADUS MACROCEPHALUS,PACIFIC COD,MORUE DU PACIFIQUE,urn:lsid:marinespecies.org:taxname:254538,2026809.38656443,1325731.9823205,2877757.53751721,0.187266861845542
2016,140,82,164792,225,MERLUCCIUS PRODUCTUS,PACIFIC HAKE,MERLU DU PACIFIQUE,urn:lsid:marinespecies.org:taxname:272458,2627089.10245007,1217206.03271253,4270476.59905829,0.299240978643638
2016,140,54,934083,228,GADUS CHALCOGRAMMUS,WALLEYE POLLOCK,GOBERGE DE L<92>ALASKA,urn:lsid:marinespecies.org:taxname:300735,234251.913261775,90381.6745965154,438717.7284802,0.377099534108354
2016,140,25,550588,233,LYCODES CORTEZIANUS,BIGFIN EELPOUT,LYCODE <c0> GRANDES NAGEOIRES,urn:lsid:marinespecies.org:taxname:274097,10942.1585261819,6984.15303992774,15308.6862858333,0.186250093411803
2016,140,11,165261,243,LYCODES DIAPTERUS,BLACK EELPOUT,LYCODE NOIRE,urn:lsid:marinespecies.org:taxname:254597,2481.18072719582,837.994937787844,4394.34079820316,0.38251667056698
2016,140,45,630999,245,LYCODES PACIFICUS,BLACKBELLY EELPOUT,LYCODE <c0> VENTRE NOIR,urn:lsid:marinespecies.org:taxname:274116,90507.7701440283,47449.2818466421,144227.767680912,0.281455456652355
2016,140,35,166706,394,SEBASTES ALEUTIANUS/MELANOSTICTUS COMPLEX,ROUGHEYE/BLACKSPOTTED ROCKFISH COMPLEX,COMPLEXE DES S<c9>BASTES <c0> <8c>IL <c9>PINEUX ET <c0> TACHES NOIRES,unknown,416502.339044527,181564.538805102,757417.465437374,0.357380039977448
2016,140,57,166707,396,SEBASTES ALUTUS,PACIFIC OCEAN PERCH,S<c9>BASTE <c0> LONGUE M<c2>CHOIRE,urn:lsid:marinespecies.org:taxname:254573,2365628.13749991,1520569.40281573,3361913.82564187,0.202717040022902
2016,140,53,166710,401,SEBASTES BABCOCKI,REDBANDED ROCKFISH,S<c9>BASTE <c0> BANDES ROUGES,urn:lsid:marinespecies.org:taxname:274775,136805.233530605,94961.3669923848,183202.258862247,0.170807070417305
2016,140,5,166712,403,SEBASTES BOREALIS,SHORTRAKER ROCKFISH,S<c9>BASTE BOR<c9>AL,urn:lsid:marinespecies.org:taxname:274777,14408.6895924701,1426.57363483897,32108.9972047356,0.565172139440536
2016,140,45,166711,405,SEBASTES BREVISPINIS,SILVERGRAY ROCKFISH,S<c9>BASTE ARGENT<c9>,urn:lsid:marinespecies.org:taxname:274778,406497.948232006,195250.419841687,735264.278346469,0.3517152388072
2016,140,30,166715,410,SEBASTES CRAMERI,DARKBLOTCHED ROCKFISH,S<c9>BASTE TACHET<c9>,urn:lsid:marinespecies.org:taxname:274785,99876.7436184983,42923.7745188895,163858.145615706,0.315651488366908
2016,140,29,166716,412,SEBASTES DIPLOPROA,SPLITNOSE ROCKFISH,GUEULE-DE-LOUP,urn:lsid:marinespecies.org:taxname:274787,2549410.97584685,920126.864791804,4691981.77139073,0.377551084979009
2016,140,76,166717,414,SEBASTES ELONGATUS,GREENSTRIPED ROCKFISH,S<c9>BASTE <c0> RAYURES VERTES,urn:lsid:marinespecies.org:taxname:274788,990808.168233512,650173.083729219,1325404.42649988,0.178494880027753
2016,140,13,166719,417,SEBASTES ENTOMELAS,WIDOW ROCKFISH,VEUVE,urn:lsid:marinespecies.org:taxname:274791,16648.4866106012,6048.18557065994,29266.5051280779,0.350079704525031
2016,140,68,166720,418,SEBASTES FLAVIDUS,YELLOWTAIL ROCKFISH,S<c9>BASTE <c0> QUEUE JAUNE,urn:lsid:marinespecies.org:taxname:274795,3271733.02220262,1089494.82901999,7239946.7426764,0.502438685050669
2016,140,42,166723,421,SEBASTES HELVOMACULATUS,ROSETHORN ROCKFISH,S<c9>BASTE ROSAC<c9>,urn:lsid:marinespecies.org:taxname:274799,169782.745173561,102149.480961163,255702.21882361,0.225428677244067
2016,140,8,166726,424,SEBASTES MALIGER,QUILLBACK ROCKFISH,S<c9>BASTE <c0> DOS <c9>PINEUX,urn:lsid:marinespecies.org:taxname:274815,51341.6958413433,18059.9169245288,92932.7260030878,0.388951938242024
2016,140,7,166733,435,SEBASTES PAUCISPINIS,BOCACCIO,BOCACCIO,urn:lsid:marinespecies.org:taxname:274833,25213.3544462165,3136.77644851563,58548.5404063799,0.588565889511753
2016,140,55,166734,437,SEBASTES PINNIGER,CANARY ROCKFISH,S<c9>BASTE CANARI,urn:lsid:marinespecies.org:taxname:274836,1558462.14918979,744659.296382831,2704187.48039475,0.327202763958515
2016,140,42,166736,439,SEBASTES PRORIGER,REDSTRIPE ROCKFISH,S<c9>BASTE <c0> RAIE ROUGE,urn:lsid:marinespecies.org:taxname:274838,5461264.59134076,1865331.38896606,10209008.3139715,0.392719005657206
2016,140,7,166737,440,SEBASTES REEDI,YELLOWMOUTH ROCKFISH,S<c9>BASTE <c0> BOUCHE JAUNE,urn:lsid:marinespecies.org:taxname:274840,27732.2189495672,3527.51259101595,62917.4414286237,0.591580896956782
2016,140,20,166740,442,SEBASTES RUBERRIMUS,YELLOWEYE ROCKFISH,S<c9>BASTE AUX YEUX JAUNES,urn:lsid:marinespecies.org:taxname:274844,100909.416264364,49508.7284810068,157444.289462273,0.270004793187892
2016,140,7,166741,444,SEBASTES SAXICOLA,STRIPETAIL ROCKFISH,S<c9>BASTE <c0> QUEUE RAY<c9>E,urn:lsid:marinespecies.org:taxname:274848,4873.27517133924,753.404855682978,10610.0447273514,0.502633383978458
2016,140,24,166743,448,SEBASTES WILSONI,PYGMY ROCKFISH,S<c9>BASTE PYGM<c9>E,urn:lsid:marinespecies.org:taxname:274868,63348.3940922304,23629.2483053669,116622.582922454,0.363961462964315
2016,140,43,166744,450,SEBASTES ZACENTRUS,SHARPCHIN ROCKFISH,S<c9>BASTE <c0> MENTON POINTU,urn:lsid:marinespecies.org:taxname:274869,2016623.78652243,1216033.20433493,2887586.52868486,0.212028042153956
2016,140,41,166783,451,SEBASTOLOBUS ALASCANUS,SHORTSPINE THORNYHEAD,S<c9>BASTOLOBE <c0> COURTES <c9>PINES,urn:lsid:marinespecies.org:taxname:282740,350310.186198706,235592.371713985,464186.394781188,0.168797686684461
2016,140,103,167123,455,ANOPLOPOMA FIMBRIA,SABLEFISH,MORUE CHARBONNI<c8>RE,urn:lsid:marinespecies.org:taxname:159463,3469651.99400673,2090456.44293233,5088014.92615154,0.227611362639522
2016,140,10,167110,461,HEXAGRAMMOS DECAGRAMMUS,KELP GREENLING,SOURCIL DE VARECH,urn:lsid:marinespecies.org:taxname:240732,23486.7449207793,7214.39631229299,45942.3414869609,0.418989857976925
2016,140,80,167116,467,OPHIODON ELONGATUS,LINGCOD,MORUE-LINGUE,urn:lsid:marinespecies.org:taxname:240745,1279634.62885315,723096.768757089,1921479.7691768,0.238078962568424
2016,140,41,167293,510,ICELINUS FILAMENTOSUS,THREADFIN SCULPIN,IC<c9>LINE FILAMENTEUSE,urn:lsid:marinespecies.org:taxname:281136,34308.5291415213,12895.8179096382,60779.3355096527,0.36701164562721
2016,140,50,172716,596,CITHARICHTHYS SORDIDUS,PACIFIC SANDDAB,LIMANDE SORDIDE,urn:lsid:marinespecies.org:taxname:275694,1041064.8956744,632315.907505109,1561546.37792266,0.227927771865089
2016,140,126,172862,602,ATHERESTHES STOMIAS,ARROWTOOTH FLOUNDER,PLIE <c0> GRANDE BOUCHE,urn:lsid:marinespecies.org:taxname:279792,10195585.8715197,6642172.58329013,15452867.8777261,0.224380439235003
2016,140,89,172868,607,EOPSETTA JORDANI,PETRALE SOLE,PLIE DE CALIFORNIE,urn:lsid:marinespecies.org:taxname:280690,1193287.75784825,649391.165675016,1843181.89828396,0.256680188590755
2016,140,132,172978,610,GLYPTOCEPHALUS ZACHIRUS,REX SOLE,PLIE ROYALE,urn:lsid:marinespecies.org:taxname:274287,3590807.78053693,3093504.60111596,4084061.7695742,0.0700101388903103
2016,140,60,172875,612,HIPPOGLOSSOIDES ELASSODON,FLATHEAD SOLE,PLIE <c0> T<ca>TE PLATE,urn:lsid:marinespecies.org:taxname:274289,1461155.27191427,922128.856715502,2071335.47946255,0.204119207379732
2016,140,94,172932,614,HIPPOGLOSSUS STENOLEPIS,PACIFIC HALIBUT,FL<c9>TAN DU PACIFIQUE,urn:lsid:marinespecies.org:taxname:274290,1081468.00220302,762930.99316748,1499780.96261607,0.172809106848999
2016,140,33,172917,621,LEPIDOPSETTA BILINEATA,SOUTHERN ROCK SOLE,FAUSSE LIMANDE DU PACIFIQUE,urn:lsid:marinespecies.org:taxname:281305,492958.04015556,280694.640128954,785087.243035114,0.256300018255254
2016,140,105,172871,625,LYOPSETTA EXILIS,SLENDER SOLE,PLIE MINCE,urn:lsid:marinespecies.org:taxname:281452,212183.376100052,159515.089253759,270260.693880153,0.13395244510889
2016,140,123,172887,626,MICROSTOMUS PACIFICUS,DOVER SOLE,LIMANDE-SOLE,urn:lsid:marinespecies.org:taxname:274294,1970886.53490064,1527494.78373651,2455089.82235723,0.123480300207488
2016,140,88,172921,628,PAROPHRYS VETULUS,ENGLISH SOLE,CARLOTTIN ANGLAIS,urn:lsid:marinespecies.org:taxname:254393,1981016.46781103,1374222.36595756,2823614.57479559,0.189453956249545
2016,140,18,172924,635,PLEURONICHTHYS DECURRENS,CURLFIN SOLE,PLIE <c0> NAGEOIRES FRIS<c9>ES,urn:lsid:marinespecies.org:taxname:282292,41228.8439963084,15945.1630404958,76007.7010939669,0.360444987166564
2018,190,5,159988,38,APRISTURUS BRUNNEUS,BROWN CAT SHARK,HOLBICHE BRUNE,urn:lsid:marinespecies.org:taxname:158512,1951.40278271714,250.49638856419,4323.36212877159,0.521803941364455
2018,190,132,160617,44,SQUALUS SUCKLEYI,NORTH PACIFIC SPINY DOGFISH,AIGUILLAT DU PACIFIQUE,urn:lsid:marinespecies.org:taxname:299224,3834566.53669452,1463356.61905934,7546417.26625429,0.411230195219379
2018,190,25,160848,56,BERINGRAJA BINOCULATA,BIG SKATE,RAIE BIOCELL<c9>E,urn:lsid:marinespecies.org:taxname:1021330,165718.187970654,88439.4734484241,271909.120582321,0.277751400621046
2018,190,26,160937,58,BATHYRAJA INTERRUPTA,SANDPAPER SKATE,RAIE RUGUEUSE,urn:lsid:marinespecies.org:taxname:271515,13843.4293625597,8380.12696217606,20033.9016283585,0.214505021716803
2018,190,104,160851,59,RAJA RHINA,LONGNOSE SKATE,POCHETEAU LONG-NEZ,urn:lsid:marinespecies.org:taxname:271581,456865.002592722,353665.332226851,566178.603946277,0.120022009914451
2018,190,179,161015,66,HYDROLAGUS COLLIEI,SPOTTED RATFISH,CHIM<c8>RE D<92>AM<c9>RIQUE,urn:lsid:marinespecies.org:taxname:271406,2300166.55065344,1684766.76946575,3103026.89482965,0.152551561982532
2018,190,34,161702,95,ALOSA SAPIDISSIMA,AMERICAN SHAD,ALOSE SAVOUREUSE,urn:lsid:marinespecies.org:taxname:158670,26924.5618590559,15934.8059355095,41354.3537750978,0.239268090023066
2018,190,55,551209,96,CLUPEA PALLASII,PACIFIC HERRING,HARENG DU PACIFIQUE,urn:lsid:marinespecies.org:taxname:151159,19049.404795891,12671.2773158395,26427.1080917222,0.190595180275034
2018,190,64,162051,148,THALEICHTHYS PACIFICUS,EULACHON,EULAKANE,urn:lsid:marinespecies.org:taxname:282959,162847.78710394,65406.6237578906,300992.735912607,0.373259876458375
2018,190,91,164711,222,GADUS MACROCEPHALUS,PACIFIC COD,MORUE DU PACIFIQUE,urn:lsid:marinespecies.org:taxname:254538,552883.614049657,362342.365612434,805922.322764177,0.208264597299008
2018,190,119,164792,225,MERLUCCIUS PRODUCTUS,PACIFIC HAKE,MERLU DU PACIFIQUE,urn:lsid:marinespecies.org:taxname:272458,2652991.79866327,1182496.08047013,4725494.38259335,0.343002797585352
2018,190,90,934083,228,GADUS CHALCOGRAMMUS,WALLEYE POLLOCK,GOBERGE DE L<92>ALASKA,urn:lsid:marinespecies.org:taxname:300735,374544.178878235,199269.203348931,609849.85396933,0.28595015049146
2018,190,21,550588,233,LYCODES CORTEZIANUS,BIGFIN EELPOUT,LYCODE <c0> GRANDES NAGEOIRES,urn:lsid:marinespecies.org:taxname:274097,7417.55822762488,4283.77224796676,10752.7020540785,0.231314736484718
2018,190,11,165261,243,LYCODES DIAPTERUS,BLACK EELPOUT,LYCODE NOIRE,urn:lsid:marinespecies.org:taxname:254597,2555.37150161526,998.265051042182,4288.30674111689,0.334299528463242
2018,190,57,630999,245,LYCODES PACIFICUS,BLACKBELLY EELPOUT,LYCODE <c0> VENTRE NOIR,urn:lsid:marinespecies.org:taxname:274116,120211.73580767,64244.7346933108,194187.405313588,0.286671002542865
2018,190,40,166706,394,SEBASTES ALEUTIANUS/MELANOSTICTUS COMPLEX,ROUGHEYE/BLACKSPOTTED ROCKFISH COMPLEX,COMPLEXE DES S<c9>BASTES <c0> <8c>IL <c9>PINEUX ET <c0> TACHES NOIRES,unknown,86048.4509655899,56457.334695174,119592.955423962,0.190172301881574
2018,190,60,166707,396,SEBASTES ALUTUS,PACIFIC OCEAN PERCH,S<c9>BASTE <c0> LONGUE M<c2>CHOIRE,urn:lsid:marinespecies.org:taxname:254573,1680466.19104136,842032.001868397,2627181.03604394,0.277015088909004
2018,190,59,166710,401,SEBASTES BABCOCKI,REDBANDED ROCKFISH,S<c9>BASTE <c0> BANDES ROUGES,urn:lsid:marinespecies.org:taxname:274775,142908.357429719,84183.7706377371,215848.39953714,0.250048249344331
2018,190,12,166712,403,SEBASTES BOREALIS,SHORTRAKER ROCKFISH,S<c9>BASTE BOR<c9>AL,urn:lsid:marinespecies.org:taxname:274777,34113.3913488883,10722.4005220976,70875.8426309154,0.455085501796263
2018,190,54,166711,405,SEBASTES BREVISPINIS,SILVERGRAY ROCKFISH,S<c9>BASTE ARGENT<c9>,urn:lsid:marinespecies.org:taxname:274778,984126.284507279,354264.0092939,1805337.65503827,0.388292408186968
2018,190,66,166715,410,SEBASTES CRAMERI,DARKBLOTCHED ROCKFISH,S<c9>BASTE TACHET<c9>,urn:lsid:marinespecies.org:taxname:274785,69418.7732054307,42495.1420568486,100942.300953733,0.212274424232832
2018,190,36,166716,412,SEBASTES DIPLOPROA,SPLITNOSE ROCKFISH,GUEULE-DE-LOUP,urn:lsid:marinespecies.org:taxname:274787,1894194.8091212001,618697.406252141,3996141.37536826,0.474380422616326
2018,190,105,166717,414,SEBASTES ELONGATUS,GREENSTRIPED ROCKFISH,S<c9>BASTE <c0> RAYURES VERTES,urn:lsid:marinespecies.org:taxname:274788,749753.305476886,478364.379731408,1041680.85989183,0.190199463713991
2018,190,27,166719,417,SEBASTES ENTOMELAS,WIDOW ROCKFISH,VEUVE,urn:lsid:marinespecies.org:taxname:274791,35406.7855167168,14592.9387318659,66858.4277205041,0.378850681781031
2018,190,87,166720,418,SEBASTES FLAVIDUS,YELLOWTAIL ROCKFISH,S<c9>BASTE <c0> QUEUE JAUNE,urn:lsid:marinespecies.org:taxname:274795,2207015.70503566,1203844.00765054,3415607.1472161,0.260629492514561
2018,190,55,166723,421,SEBASTES HELVOMACULATUS,ROSETHORN ROCKFISH,S<c9>BASTE ROSAC<c9>,urn:lsid:marinespecies.org:taxname:274799,89680.2924374687,59158.9405661847,124765.549137088,0.182713012598482
2018,190,8,166726,424,SEBASTES MALIGER,QUILLBACK ROCKFISH,S<c9>BASTE <c0> DOS <c9>PINEUX,urn:lsid:marinespecies.org:taxname:274815,40883.6238709333,4383.08755946382,126431.435827144,0.757192711402232
2018,190,55,166733,435,SEBASTES PAUCISPINIS,BOCACCIO,BOCACCIO,urn:lsid:marinespecies.org:taxname:274833,456393.788421902,129528.832346551,1058217.07479546,0.566309421639145
2018,190,72,166734,437,SEBASTES PINNIGER,CANARY ROCKFISH,S<c9>BASTE CANARI,urn:lsid:marinespecies.org:taxname:274836,3050481.68811077,811061.307005712,7055540.67736198,0.601480368956679
2018,190,50,166736,439,SEBASTES PRORIGER,REDSTRIPE ROCKFISH,S<c9>BASTE <c0> RAIE ROUGE,urn:lsid:marinespecies.org:taxname:274838,2746978.08994403,638833.937110568,5654745.50502908,0.484689576101693
2018,190,7,166737,440,SEBASTES REEDI,YELLOWMOUTH ROCKFISH,S<c9>BASTE <c0> BOUCHE JAUNE,urn:lsid:marinespecies.org:taxname:274840,29006.8418217574,3588.70096576485,76735.8812285408,0.709893693962261
2018,190,26,166740,442,SEBASTES RUBERRIMUS,YELLOWEYE ROCKFISH,S<c9>BASTE AUX YEUX JAUNES,urn:lsid:marinespecies.org:taxname:274844,74101.7731097654,34390.231256611,122901.441033811,0.301703717549894
2018,190,13,166741,444,SEBASTES SAXICOLA,STRIPETAIL ROCKFISH,S<c9>BASTE <c0> QUEUE RAY<c9>E,urn:lsid:marinespecies.org:taxname:274848,1659.59629978147,438.891991570342,3599.53290348625,0.514435340833837
2018,190,18,166743,448,SEBASTES WILSONI,PYGMY ROCKFISH,S<c9>BASTE PYGM<c9>E,urn:lsid:marinespecies.org:taxname:274868,16631.761111856,6484.00739725952,29877.6889627205,0.367330231855287
2018,190,68,166744,450,SEBASTES ZACENTRUS,SHARPCHIN ROCKFISH,S<c9>BASTE <c0> MENTON POINTU,urn:lsid:marinespecies.org:taxname:274869,3170280.59815333,1716208.5985344,4850984.58531242,0.266290322219712
2018,190,53,166783,451,SEBASTOLOBUS ALASCANUS,SHORTSPINE THORNYHEAD,S<c9>BASTOLOBE <c0> COURTES <c9>PINES,urn:lsid:marinespecies.org:taxname:282740,276187.6491693,206693.524392772,365486.997269111,0.142727209245168
2018,190,139,167123,455,ANOPLOPOMA FIMBRIA,SABLEFISH,MORUE CHARBONNI<c8>RE,urn:lsid:marinespecies.org:taxname:159463,4747412.11605356,2741125.92656261,7096362.10819592,0.245223958698409
2018,190,9,167110,461,HEXAGRAMMOS DECAGRAMMUS,KELP GREENLING,SOURCIL DE VARECH,urn:lsid:marinespecies.org:taxname:240732,9429.41292549632,1206.9990590294,21486.7418214853,0.536528236255239
2018,190,113,167116,467,OPHIODON ELONGATUS,LINGCOD,MORUE-LINGUE,urn:lsid:marinespecies.org:taxname:240745,625492.917199309,488075.386368526,757723.412858201,0.108801773202859
2018,190,47,167293,510,ICELINUS FILAMENTOSUS,THREADFIN SCULPIN,IC<c9>LINE FILAMENTEUSE,urn:lsid:marinespecies.org:taxname:281136,16174.1725532795,8179.63562258258,27460.6162128544,0.30568230929886703
2018,190,73,172716,596,CITHARICHTHYS SORDIDUS,PACIFIC SANDDAB,LIMANDE SORDIDE,urn:lsid:marinespecies.org:taxname:275694,1562281.56103647,1103326.85186841,2112298.96146932,0.162223063199192
2018,190,170,172862,602,ATHERESTHES STOMIAS,ARROWTOOTH FLOUNDER,PLIE <c0> GRANDE BOUCHE,urn:lsid:marinespecies.org:taxname:279792,2749287.14292027,2256579.4303462,3311576.36421004,0.0981099964569143
2018,190,124,172868,607,EOPSETTA JORDANI,PETRALE SOLE,PLIE DE CALIFORNIE,urn:lsid:marinespecies.org:taxname:280690,739662.497720217,528514.076566746,956174.737890751,0.145500762695628
2018,190,183,172978,610,GLYPTOCEPHALUS ZACHIRUS,REX SOLE,PLIE ROYALE,urn:lsid:marinespecies.org:taxname:274287,4264443.32670048,3611239.93403064,4986296.17231057,0.0798389774355056
2018,190,117,172875,612,HIPPOGLOSSOIDES ELASSODON,FLATHEAD SOLE,PLIE <c0> T<ca>TE PLATE,urn:lsid:marinespecies.org:taxname:274289,1622119.35185026,1263130.39767396,2027603.50481029,0.116529894164339
2018,190,59,172932,614,HIPPOGLOSSUS STENOLEPIS,PACIFIC HALIBUT,FL<c9>TAN DU PACIFIQUE,urn:lsid:marinespecies.org:taxname:274290,253906.940523612,179729.401663657,339516.09764112,0.16406262722624
2018,190,39,172917,621,LEPIDOPSETTA BILINEATA,SOUTHERN ROCK SOLE,FAUSSE LIMANDE DU PACIFIQUE,urn:lsid:marinespecies.org:taxname:281305,377719.668030074,202655.685970446,608408.510954999,0.266457697380184
2018,190,133,172871,625,LYOPSETTA EXILIS,SLENDER SOLE,PLIE MINCE,urn:lsid:marinespecies.org:taxname:281452,355488.987864469,283024.284301501,453613.743341483,0.119860597082491
2018,190,177,172887,626,MICROSTOMUS PACIFICUS,DOVER SOLE,LIMANDE-SOLE,urn:lsid:marinespecies.org:taxname:274294,3117266.19434935,2507133.65912335,3828759.07032396,0.108722299600774
2018,190,133,172921,628,PAROPHRYS VETULUS,ENGLISH SOLE,CARLOTTIN ANGLAIS,urn:lsid:marinespecies.org:taxname:254393,1936533.8842317,1542477.40899067,2404508.28129034,0.110541349916326
2018,190,35,172924,635,PLEURONICHTHYS DECURRENS,CURLFIN SOLE,PLIE <c0> NAGEOIRES FRIS<c9>ES,urn:lsid:marinespecies.org:taxname:282292,41487.6310406001,24720.3607896924,60371.9384726429,0.216988286125543
